Workbook

Sheet Rekapitulasi
A1: REKAPITULASI KASUS DBD PER KELOMPOK UMUR KABUPATEN SLEMAN TAHUN 2023–2025
A2: Sumber: Dinas Kesehatan Kabupaten Sleman
A4: NO | B4: PUSKESMAS | C4: TAHUN 2023 | L4: TAHUN 2024 | U4: TAHUN 2025
C5: <1 | D5: 1-4 | E5: 5-9 | F5: 10-14 | G5: 15-19 | H5: 20-44 | I5: 45-59 | J5: ≥60 | K5: TOTAL | L5: <1 | M5: 1-4 | N5: 5-9 | O5: 10-14 | P5: 15-19 | Q5: 20-44 | R5: 45-59 | S5: ≥60 | T5: TOTAL | U5: <1 | V5: 1-4 | W5: 5-9 | X5: 10-14 | Y5: 15-19 | Z5: 20-44 | AA5: 45-59 | AB5: ≥60 | AC5: TOTAL
A6: 1 | B6: GAMPING I | C6: ='2023'!D6 -> 0 | D6: ='2023'!E6 -> 1 | E6: ='2023'!F6 -> 0 | F6: ='2023'!G6 -> 0 | G6: ='2023'!H6 -> 0 | H6: ='2023'!I6 -> 5 | I6: ='2023'!J6 -> 0 | J6: ='2023'!K6 -> 1 | K6: ='2023'!L6 -> 7 | L6: ='2024'!D6 -> 0 | M6: ='2024'!E6 -> 2 | N6: ='2024'!F6 -> 3 | O6: ='2024'!G6 -> 3 | P6: ='2024'!H6 -> 5 | Q6: ='2024'!I6 -> 14 | R6: ='2024'!J6 -> 3 | S6: ='2024'!K6 -> 0 | T6: ='2024'!L6 -> 30 | U6: ='2025'!D6 -> 0 | V6: ='2025'!E6 -> 0 | W6: ='2025'!F6 -> 1 | X6: ='2025'!G6 -> 2 | Y6: ='2025'!H6 -> 3 | Z6: ='2025'!I6 -> 8 | AA6: ='2025'!J6 -> 3 | AB6: ='2025'!K6 -> 5 | AC6: ='2025'!L6 -> 22
A7: 2 | B7: GAMPING 2 | C7: ='2023'!D7 -> 0 | D7: ='2023'!E7 -> 0 | E7: ='2023'!F7 -> 1 | F7: ='2023'!G7 -> 1 | G7: ='2023'!H7 -> 1 | H7: ='2023'!I7 -> 3 | I7: ='2023'!J7 -> 2 | J7: ='2023'!K7 -> 0 | K7: ='2023'!L7 -> 8 | L7: ='2024'!D7 -> 0 | M7: ='2024'!E7 -> 0 | N7: ='2024'!F7 -> 0 | O7: ='2024'!G7 -> 0 | P7: ='2024'!H7 -> 0 | Q7: ='2024'!I7 -> 0 | R7: ='2024'!J7 -> 0 | S7: ='2024'!K7 -> 0 | T7: ='2024'!L7 -> 0 | U7: ='2025'!D7 -> 0 | V7: ='2025'!E7 -> 0 | W7: ='2025'!F7 -> 5 | X7: ='2025'!G7 -> 4 | Y7: ='2025'!H7 -> 4 | Z7: ='2025'!I7 -> 11 | AA7: ='2025'!J7 -> 2 | AB7: ='2025'!K7 -> 2 | AC7: ='2025'!L7 -> 28
A8: 3 | B8: GODEAN I | C8: ='2023'!D8 -> 0 | D8: ='2023'!E8 -> 0 | E8: ='2023'!F8 -> 1 | F8: ='2023'!G8 -> 0 | G8: ='2023'!H8 -> 0 | H8: ='2023'!I8 -> 0 | I8: ='2023'!J8 -> 0 | J8: ='2023'!K8 -> 1 | K8: ='2023'!L8 -> 2 | L8: ='2024'!D8 -> 0 | M8: ='2024'!E8 -> 1 | N8: ='2024'!F8 -> 4 | O8: ='2024'!G8 -> 4 | P8: ='2024'!H8 -> 8 | Q8: ='2024'!I8 -> 11 | R8: ='2024'!J8 -> 0 | S8: ='2024'!K8 -> 1 | T8: ='2024'!L8 -> 29 | U8: ='2025'!D8 -> 0 | V8: ='2025'!E8 -> 0 | W8: ='2025'!F8 -> 0 | X8: ='2025'!G8 -> 2 | Y8: ='2025'!H8 -> 1 | Z8: ='2025'!I8 -> 11 | AA8: ='2025'!J8 -> 5 | AB8: ='2025'!K8 -> 1 | AC8: ='2025'!L8 -> 20
A9: 4 | B9: GODEAN 2 | C9: ='2023'!D9 -> 0 | D9: ='2023'!E9 -> 0 | E9: ='2023'!F9 -> 0 | F9: ='2023'!G9 -> 0 | G9: ='2023'!H9 -> 0 | H9: ='2023'!I9 -> 3 | I9: ='2023'!J9 -> 0 | J9: ='2023'!K9 -> 0 | K9: ='2023'!L9 -> 3 | L9: ='2024'!D9 -> 0 | M9: ='2024'!E9 -> 0 | N9: ='2024'!F9 -> 0 | O9: ='2024'!G9 -> 0 | P9: ='2024'!H9 -> 0 | Q9: ='2024'!I9 -> 0 | R9: ='2024'!J9 -> 0 | S9: ='2024'!K9 -> 0 | T9: ='2024'!L9 -> 0 | U9: ='2025'!D9 -> 0 | V9: ='2025'!E9 -> 1 | W9: ='2025'!F9 -> 1 | X9: ='2025'!G9 -> 5 | Y9: ='2025'!H9 -> 3 | Z9: ='2025'!I9 -> 7 | AA9: ='2025'!J9 -> 5 | AB9: ='2025'!K9 -> 0 | AC9: ='2025'!L9 -> 22
A10: 5 | B10: MOYUDAN | C10: ='2023'!D10 -> 0 | D10: ='2023'!E10 -> 0 | E10: ='2023'!F10 -> 1 | F10: ='2023'!G10 -> 1 | G10: ='2023'!H10 -> 0 | H10: ='2023'!I10 -> 7 | I10: ='2023'!J10 -> 2 | J10: ='2023'!K10 -> 2 | K10: ='2023'!L10 -> 13 | L10: ='2024'!D10 -> 0 | M10: ='2024'!E10 -> 1 | N10: ='2024'!F10 -> 1 | O10: ='2024'!G10 -> 4 | P10: ='2024'!H10 -> 2 | Q10: ='2024'!I10 -> 12 | R10: ='2024'!J10 -> 6 | S10: ='2024'!K10 -> 1 | T10: ='2024'!L10 -> 27 | U10: ='2025'!D10 -> 0 | V10: ='2025'!E10 -> 0 | W10: ='2025'!F10 -> 0 | X10: ='2025'!G10 -> 0 | Y10: ='2025'!H10 -> 4 | Z10: ='2025'!I10 -> 12 | AA10: ='2025'!J10 -> 3 | AB10: ='2025'!K10 -> 1 | AC10: ='2025'!L10 -> 20
A11: 6 | B11: MINGGIR | C11: ='2023'!D11 -> 0 | D11: ='2023'!E11 -> 0 | E11: ='2023'!F11 -> 1 | F11: ='2023'!G11 -> 1 | G11: ='2023'!H11 -> 0 | H11: ='2023'!I11 -> 3 | I11: ='2023'!J11 -> 1 | J11: ='2023'!K11 -> 1 | K11: ='2023'!L11 -> 7 | L11: ='2024'!D11 -> 0 | M11: ='2024'!E11 -> 0 | N11: ='2024'!F11 -> 0 | O11: ='2024'!G11 -> 0 | P11: ='2024'!H11 -> 1 | Q11: ='2024'!I11 -> 3 | R11: ='2024'!J11 -> 0 | S11: ='2024'!K11 -> 0 | T11: ='2024'!L11 -> 4 | U11: ='2025'!D11 -> 0 | V11: ='2025'!E11 -> 0 | W11: ='2025'!F11 -> 4 | X11: ='2025'!G11 -> 0 | Y11: ='2025'!H11 -> 4 | Z11: ='2025'!I11 -> 10 | AA11: ='2025'!J11 -> 3 | AB11: ='2025'!K11 -> 12 | AC11: ='2025'!L11 -> 33
A12: 7 | B12: SEYEGAN | C12: ='2023'!D12 -> 0 | D12: ='2023'!E12 -> 0 | E12: ='2023'!F12 -> 0 | F12: ='2023'!G12 -> 1 | G12: ='2023'!H12 -> 1 | H12: ='2023'!I12 -> 4 | I12: ='2023'!J12 -> 1 | J12: ='2023'!K12 -> 0 | K12: ='2023'!L12 -> 7 | L12: ='2024'!D12 -> 0 | M12: ='2024'!E12 -> 0 | N12: ='2024'!F12 -> 0 | O12: ='2024'!G12 -> 1 | P12: ='2024'!H12 -> 0 | Q12: ='2024'!I12 -> 2 | R12: ='2024'!J12 -> 1 | S12: ='2024'!K12 -> 0 | T12: ='2024'!L12 -> 4 | U12: ='2025'!D12 -> 0 | V12: ='2025'!E12 -> 5 | W12: ='2025'!F12 -> 3 | X12: ='2025'!G12 -> 2 | Y12: ='2025'!H12 -> 9 | Z12: ='2025'!I12 -> 14 | AA12: ='2025'!J12 -> 9 | AB12: ='2025'!K12 -> 0 | AC12: ='2025'!L12 -> 42
A13: 8 | B13: MLATI I | C13: ='2023'!D13 -> 0 | D13: ='2023'!E13 -> 3 | E13: ='2023'!F13 -> 0 | F13: ='2023'!G13 -> 3 | G13: ='2023'!H13 -> 1 | H13: ='2023'!I13 -> 5 | I13: ='2023'!J13 -> 1 | J13: ='2023'!K13 -> 0 | K13: ='2023'!L13 -> 13 | L13: ='2024'!D13 -> 0 | M13: ='2024'!E13 -> 1 | N13: ='2024'!F13 -> 2 | O13: ='2024'!G13 -> 3 | P13: ='2024'!H13 -> 1 | Q13: ='2024'!I13 -> 5 | R13: ='2024'!J13 -> 0 | S13: ='2024'!K13 -> 0 | T13: ='2024'!L13 -> 12 | U13: ='2025'!D13 -> 0 | V13: ='2025'!E13 -> 0 | W13: ='2025'!F13 -> 1 | X13: ='2025'!G13 -> 6 | Y13: ='2025'!H13 -> 1 | Z13: ='2025'!I13 -> 5 | AA13: ='2025'!J13 -> 0 | AB13: ='2025'!K13 -> 2 | AC13: ='2025'!L13 -> 15
A14: 9 | B14: MLATI 2 | C14: ='2023'!D14 -> 0 | D14: ='2023'!E14 -> 1 | E14: ='2023'!F14 -> 0 | F14: ='2023'!G14 -> 0 | G14: ='2023'!H14 -> 1 | H14: ='2023'!I14 -> 2 | I14: ='2023'!J14 -> 0 | J14: ='2023'!K14 -> 0 | K14: ='2023'!L14 -> 4 | L14: ='2024'!D14 -> 0 | M14: ='2024'!E14 -> 0 | N14: ='2024'!F14 -> 0 | O14: ='2024'!G14 -> 0 | P14: ='2024'!H14 -> 0 | Q14: ='2024'!I14 -> 0 | R14: ='2024'!J14 -> 0 | S14: ='2024'!K14 -> 0 | T14: ='2024'!L14 -> 0 | U14: ='2025'!D14 -> 0 | V14: ='2025'!E14 -> 4 | W14: ='2025'!F14 -> 3 | X14: ='2025'!G14 -> 7 | Y14: ='2025'!H14 -> 3 | Z14: ='2025'!I14 -> 10 | AA14: ='2025'!J14 -> 3 | AB14: ='2025'!K14 -> 0 | AC14: ='2025'!L14 -> 30
A15: 10 | B15: DEPOK I | C15: ='2023'!D15 -> 0 | D15: ='2023'!E15 -> 0 | E15: ='2023'!F15 -> 0 | F15: ='2023'!G15 -> 1 | G15: ='2023'!H15 -> 1 | H15: ='2023'!I15 -> 0 | I15: ='2023'!J15 -> 0 | J15: ='2023'!K15 -> 0 | K15: ='2023'!L15 -> 2 | L15: ='2024'!D15 -> 1 | M15: ='2024'!E15 -> 0 | N15: ='2024'!F15 -> 6 | O15: ='2024'!G15 -> 2 | P15: ='2024'!H15 -> 5 | Q15: ='2024'!I15 -> 9 | R15: ='2024'!J15 -> 1 | S15: ='2024'!K15 -> 0 | T15: ='2024'!L15 -> 24 | U15: ='2025'!D15 -> 0 | V15: ='2025'!E15 -> 0 | W15: ='2025'!F15 -> 2 | X15: ='2025'!G15 -> 0 | Y15: ='2025'!H15 -> 0 | Z15: ='2025'!I15 -> 0 | AA15: ='2025'!J15 -> 0 | AB15: ='2025'!K15 -> 0 | AC15: ='2025'!L15 -> 2
A16: 11 | B16: DEPOK 2 | C16: ='2023'!D16 -> 0 | D16: ='2023'!E16 -> 0 | E16: ='2023'!F16 -> 0 | F16: ='2023'!G16 -> 1 | G16: ='2023'!H16 -> 1 | H16: ='2023'!I16 -> 6 | I16: ='2023'!J16 -> 0 | J16: ='2023'!K16 -> 2 | K16: ='2023'!L16 -> 10 | L16: ='2024'!D16 -> 0 | M16: ='2024'!E16 -> 0 | N16: ='2024'!F16 -> 0 | O16: ='2024'!G16 -> 0 | P16: ='2024'!H16 -> 0 | Q16: ='2024'!I16 -> 0 | R16: ='2024'!J16 -> 0 | S16: ='2024'!K16 -> 0 | T16: ='2024'!L16 -> 0 | U16: ='2025'!D16 -> 0 | V16: ='2025'!E16 -> 1 | W16: ='2025'!F16 -> 3 | X16: ='2025'!G16 -> 1 | Y16: ='2025'!H16 -> 1 | Z16: ='2025'!I16 -> 8 | AA16: ='2025'!J16 -> 0 | AB16: ='2025'!K16 -> 0 | AC16: ='2025'!L16 -> 14
A17: 12 | B17: DEPOK 3 | C17: ='2023'!D17 -> 0 | D17: ='2023'!E17 -> 0 | E17: ='2023'!F17 -> 0 | F17: ='2023'!G17 -> 0 | G17: ='2023'!H17 -> 1 | H17: ='2023'!I17 -> 2 | I17: ='2023'!J17 -> 0 | J17: ='2023'!K17 -> 0 | K17: ='2023'!L17 -> 3 | L17: ='2024'!D17 -> 0 | M17: ='2024'!E17 -> 0 | N17: ='2024'!F17 -> 0 | O17: ='2024'!G17 -> 0 | P17: ='2024'!H17 -> 0 | Q17: ='2024'!I17 -> 0 | R17: ='2024'!J17 -> 0 | S17: ='2024'!K17 -> 0 | T17: ='2024'!L17 -> 0 | U17: ='2025'!D17 -> 0 | V17: ='2025'!E17 -> 0 | W17: ='2025'!F17 -> 0 | X17: ='2025'!G17 -> 1 | Y17: ='2025'!H17 -> 4 | Z17: ='2025'!I17 -> 4 | AA17: ='2025'!J17 -> 0 | AB17: ='2025'!K17 -> 0 | AC17: ='2025'!L17 -> 9
... A30: 25 | B30: CANGKRINGAN | C30: ='2023'!D30 -> 0 | D30: ='2023'!E30 -> 0 | E30: ='2023'!F30 -> 0 | F30: ='2023'!G30 -> 0 | G30: ='2023'!H30 -> 0 | H30: ='2023'!I30 -> 0 | I30: ='2023'!J30 -> 0 | J30: ='2023'!K30 -> 0 | K30: ='2023'!L30 -> 0 | L30: ='2024'!D30 -> 0 | M30: ='2024'!E30 -> 0 | N30: ='2024'!F30 -> 1 | O30: ='2024'!G30 -> 2 | P30: ='2024'!H30 -> 3 | Q30: ='2024'!I30 -> 3 | R30: ='2024'!J30 -> 4 | S30: ='2024'!K30 -> 1 | T30: ='2024'!L30 -> 14 | U30: ='2025'!D30 -> 0 | V30: ='2025'!E30 -> 0 | W30: ='2025'!F30 -> 3 | X30: ='2025'!G30 -> 2 | Y30: ='2025'!H30 -> 1 | Z30: ='2025'!I30 -> 4 | AA30: ='2025'!J30 -> 2 | AB30: ='2025'!K30 -> 0 | AC30: ='2025'!L30 -> 12
A31: TOTAL KABUPATEN | C31: =SUM(C6:C30) -> 0 | D31: =SUM(D6:D30) -> 8 | E31: =SUM(E6:E30) -> 19 | F31: =SUM(F6:F30) -> 15 | G31: =SUM(G6:G30) -> 18 | H31: =SUM(H6:H30) -> 50 | I31: =SUM(I6:I30) -> 19 | J31: =SUM(J6:J30) -> 10 | ... AC31: =SUM(AC6:AC30) -> 420

Sheet 2023
A1: DATA KASUS DEMAM BERDARAH DENGUE (DBD) KABUPATEN SLEMAN TAHUN 2023
A2: Sumber: Dinas Kesehatan Kabupaten Sleman
A4: NO | B4: KAPANEWON | C4: PUSKESMAS | D4: KELOMPOK UMUR (TAHUN) | L4: TOTAL KASUS | M4: LAKI-LAKI | N4: PEREMPUAN | O4: MENINGGAL | P4: CFR (%)
D5: <1 | E5: 1-4 | F5: 5-9 | G5: 10-14 | H5: 15-19 | I5: 20-44 | J5: 45-59 | K5: ≥60
A6: 1 | B6: GAMPING | C6: GAMPING I | E6: 1 | I6: 5 | K6: 1 | L6: =SUM(D6:K6) -> 7 | M6: 4 | N6: 3 | P6: =IFERROR(M6/L6*100,0) -> 57.142857
A7: 2 | B7: GAMPING | C7: GAMPING 2 | F7: 1 | G7: 1 | H7: 1 | I7: 3 | J7: 2 | L7: =SUM(D7:K7) -> 8 | M7: 3 | N7: 6 | P7: =IFERROR(M7/L7*100,0) -> 37.5
A8: 3 | B8: GODEAN | C8: GODEAN I | F8: 1 | K8: 1 | L8: =SUM(D8:K8) -> 2 | M8: 1 | N8: 1 | P8: =IFERROR(M8/L8*100,0) -> 50
A9: 4 | B9: GODEAN | C9: GODEAN 2 | I9: 3 | L9: =SUM(D9:K9) -> 3 | M9: 3 | P9: =IFERROR(M9/L9*100,0) -> 100
A10: 5 | B10: MOYUDAN | C10: MOYUDAN | F10: 1 | G10: 1 | I10: 7 | J10: 2 | K10: 2 | L10: =SUM(D10:K10) -> 13 | M10: 9 | N10: 5 | P10: =IFERROR(M10/L10*100,0) -> 69.230769
A11: 6 | B11: MINGGIR | C11: MINGGIR | F11: 1 | G11: 1 | I11: 3 | J11: 1 | K11: 1 | L11: =SUM(D11:K11) -> 7 | M11: 5 | N11: 3 | P11: =IFERROR(M11/L11*100,0) -> 71.428571
A12: 7 | B12: SEYEGAN | C12: SEYEGAN | G12: 1 | H12: 1 | I12: 4 | J12: 1 | L12: =SUM(D12:K12) -> 7 | M12: 3 | N12: 4 | P12: =IFERROR(M12/L12*100,0) -> 42.857143
A13: 8 | B13: MLATI | C13: MLATI I | E13: 3 | G13: 3 | H13: 1 | I13: 5 | J13: 1 | L13: =SUM(D13:K13) -> 13 | M13: 8 | N13: 5 | P13: =IFERROR(M13/L13*100,0) -> 61.538462
A14: 9 | B14: MLATI | C14: MLATI 2 | E14: 1 | H14: 1 | I14: 2 | L14: =SUM(D14:K14) -> 4 | M14: 3 | N14: 1 | P14: =IFERROR(M14/L14*100,0) -> 75
A15: 10 | B15: DEPOK | C15: DEPOK I | G15: 1 | H15: 1 | L15: =SUM(D15:K15) -> 2 | M15: 1 | N15: 1 | P15: =IFERROR(M15/L15*100,0) -> 50
A16: 11 | B16: DEPOK | C16: DEPOK 2 | G16: 1 | H16: 1 | I16: 6 | K16: 2 | L16: =SUM(D16:K16) -> 10 | M16: 9 | N16: 1 | P16: =IFERROR(M16/L16*100,0) -> 90
A17: 12 | B17: DEPOK | C17: DEPOK 3 | H17: 1 | I17: 2 | L17: =SUM(D17:K17) -> 3 | M17: 1 | N17: 2 | P17: =IFERROR(M17/L17*100,0) -> 33.333333
A18: 13 | B18: BERBAH | C18: BERBAH | F18: 1 | G18: 1 | J18: 2 | K18: 1 | L18: =SUM(D18:K18) -> 5 | M18: 5 | P18: =IFERROR(M18/L18*100,0) -> 100
A19: 14 | B19: PRAMBANAN | C19: PRAMBANAN | E19: 1 | F19: 1 | G19: 2 | H19: 2 | I19: 2 | L19: =SUM(D19:K19) -> 8 | M19: 3 | N19: 5 | P19: =IFERROR(M19/L19*100,0) -> 37.5
A20: 15 | B20: KALASAN | C20: KALASAN | F20: 4 | I20: 1 | J20: 2 | L20: =SUM(D20:K20) -> 7 | M20: 3 | N20: 5 | P20: =IFERROR(M20/L20*100,0) -> 42.857143
A21: 16 | B21: NGEMPLAK | C21: NGEMPLAK I | F21: 1 | I21: 2 | L21: =SUM(D21:K21) -> 3 | M21: 2 | N21: 1 | P21: =IFERROR(M21/L21*100,0) -> 66.666667
A22: 17 | B22: NGEMPLAK | C22: NGEMPLAK 2 | F22: 1 | G22: 1 | I22: 1 | J22: 1 | L22: =SUM(D22:K22) -> 4 | M22: 1 | N22: 3 | P22: =IFERROR(M22/L22*100,0) -> 25
A23: 18 | B23: NGAGLIK | C23: NGAGLIK 1 | E23: 1 | I23: 1 | J23: 3 | L23: =SUM(D23:K23) -> 5 | M23: 5 | N23: 1 | P23: =IFERROR(M23/L23*100,0) -> 100
A24: 19 | B24: NGAGLIK | C24: NGAGLIK 2 | J24: 2 | L24: =SUM(D24:K24) -> 2 | M24: 1 | N24: 1 | P24: =IFERROR(M24/L24*100,0) -> 50
A25: 20 | B25: SLEMAN | C25: SLEMAN | H25: 2 | I25: 1 | J25: 1 | L25: =SUM(D25:K25) -> 4 | M25: 2 | N25: 3 | P25: =IFERROR(M25/L25*100,0) -> 50
A26: 21 | B26: TEMPEL | C26: TEMPEL 1 | F26: 2 | G26: 1 | H26: 4 | L26: =SUM(D26:K26) -> 7 | M26: 6 | N26: 1 | P26: =IFERROR(M26/L26*100,0) -> 85.714286
A27: 22 | B27: TEMPEL | C27: TEMPEL 2 | E27: 1 | F27: 1 | G27: 1 | H27: 2 | I27: 1 | K27: 1 | L27: =SUM(D27:K27) -> 7 | M27: 3 | N27: 4 | P27: =IFERROR(M27/L27*100,0) -> 42.857143
A28: 23 | B28: TURI | C28: TURI | F28: 3 | L28: =SUM(D28:K28) -> 3 | M28: 1 | N28: 3 | P28: =IFERROR(M28/L28*100,0) -> 33.333333
A29: 24 | B29: PAKEM | C29: PAKEM | F29: 1 | H29: 1 | I29: 1 | J29: 1 | K29: 1 | L29: =SUM(D29:K29) -> 5 | M29: 1 | N29: 4 | P29: =IFERROR(M29/L29*100,0) -> 20
A30: 25 | B30: CANGKRINGAN | C30: CANGKRINGAN | L30: =SUM(D30:K30) -> 0 | P30: =IFERROR(M30/L30*100,0) -> 0
A31: TOTAL KABUPATEN | D31: =SUM(D6:D30) -> 0 | E31: =SUM(E6:E30) -> 8 | F31: =SUM(F6:F30) -> 19 | G31: =SUM(G6:G30) -> 15 | H31: =SUM(H6:H30) -> 18 | I31: =SUM(I6:I30) -> 50 | J31: =SUM(J6:J30) -> 19 | K31: =SUM(K6:K30) -> 10 | L31: =SUM(L6:L30) -> 139 | M31: 83 | N31: 63 | O31: =SUM(M6:M30) -> 83 | P31: =IFERROR(M31/L31*100,0) -> 59.71223
A33: Keterangan:
A34: * CFR = Case Fatality Rate (angka kematian kasus) = (Meninggal / Total Kasus) × 100%
A35: * Kelompok umur mengikuti standar klasifikasi Kemenkes RI

Sheet 2024
A1: DATA KASUS DEMAM BERDARAH DENGUE (DBD) KABUPATEN SLEMAN TAHUN 2024
A2: Sumber: Dinas Kesehatan Kabupaten Sleman
A4: NO | B4: KAPANEWON | C4: PUSKESMAS | D4: KELOMPOK UMUR (TAHUN) | L4: TOTAL KASUS | M4: LAKI-LAKI | N4: PEREMPUAN | O4: MENINGGAL | P4: CFR (%)
D5: <1 | E5: 1-4 | F5: 5-9 | G5: 10-14 | H5: 15-19 | I5: 20-44 | J5: 45-59 | K5: ≥60
A6: 1 | B6: GAMPING | C6: GAMPING I | E6: 2 | F6: 3 | G6: 3 | H6: 5 | I6: 14 | J6: 3 | L6: =SUM(D6:K6) -> 30 | M6: 6 | N6: 6 | P6: =IFERROR(M6/L6*100,0) -> 20
A7: 2 | B7: GAMPING | C7: GAMPING 2 | L7: =SUM(D7:K7) -> 0 | M7: 5 | N7: 10 | P7: =IFERROR(M7/L7*100,0) -> 0
A8: 3 | B8: GODEAN | C8: GODEAN I | E8: 1 | F8: 4 | G8: 4 | H8: 8 | I8: 11 | K8: 1 | L8: =SUM(D8:K8) -> 29 | M8: 2 | N8: 5 | P8: =IFERROR(M8/L8*100,0) -> 6.8965517
A9: 4 | B9: GODEAN | C9: GODEAN 2 | L9: =SUM(D9:K9) -> 0 | M9: 12 | N9: 8 | P9: =IFERROR(M9/L9*100,0) -> 0
A10: 5 | B10: MOYUDAN | C10: MOYUDAN | E10: 1 | F10: 1 | G10: 4 | H10: 2 | I10: 12 | J10: 6 | K10: 1 | L10: =SUM(D10:K10) -> 27 | M10: 14 | N10: 16 | P10: =IFERROR(M10/L10*100,0) -> 51.851852
A11: 6 | B11: MINGGIR | C11: MINGGIR | H11: 1 | I11: 3 | L11: =SUM(D11:K11) -> 4 | M11: 12 | N11: 14 | P11: =IFERROR(M11/L11*100,0) -> 300
A12: 7 | B12: SEYEGAN | C12: SEYEGAN | G12: 1 | I12: 2 | J12: 1 | L12: =SUM(D12:K12) -> 4 | M12: 1 | P12: =IFERROR(M12/L12*100,0) -> 25
A13: 8 | B13: MLATI | C13: MLATI I | E13: 1 | F13: 2 | G13: 3 | H13: 1 | I13: 5 | L13: =SUM(D13:K13) -> 12 | M13: 4 | N13: 9 | P13: =IFERROR(M13/L13*100,0) -> 33.333333
A14: 9 | B14: MLATI | C14: MLATI 2 | L14: =SUM(D14:K14) -> 0 | M14: 2 | N14: 6 | P14: =IFERROR(M14/L14*100,0) -> 0
A15: 10 | B15: DEPOK | C15: DEPOK I | D15: 1 | F15: 6 | G15: 2 | H15: 5 | I15: 9 | J15: 1 | L15: =SUM(D15:K15) -> 24 | M15: 2 | N15: 3 | P15: =IFERROR(M15/L15*100,0) -> 8.3333333
A16: 11 | B16: DEPOK | C16: DEPOK 2 | L16: =SUM(D16:K16) -> 0 | M16: 4 | N16: 2 | P16: =IFERROR(M16/L16*100,0) -> 0
A17: 12 | B17: DEPOK | C17: DEPOK 3 | L17: =SUM(D17:K17) -> 0 | M17: 6 | N17: 2 | P17: =IFERROR(M17/L17*100,0) -> 0
A18: 13 | B18: BERBAH | C18: BERBAH | E18: 1 | F18: 7 | G18: 9 | H18: 6 | I18: 8 | L18: =SUM(D18:K18) -> 31 | M18: 20 | N18: 12 | P18: =IFERROR(M18/L18*100,0) -> 64.516129
A19: 14 | B19: PRAMBANAN | C19: PRAMBANAN | D19: 1 | F19: 7 | G19: 12 | H19: 9 | I19: 10 | L19: =SUM(D19:K19) -> 39 | M19: 16 | N19: 23 | P19: =IFERROR(M19/L19*100,0) -> 41.025641
A20: 15 | B20: KALASAN | C20: KALASAN | E20: 1 | L20: =SUM(D20:K20) -> 1 | M20: 1 | P20: =IFERROR(M20/L20*100,0) -> 100
A21: 16 | B21: NGEMPLAK | C21: NGEMPLAK I | G21: 1 | H21: 1 | I21: 4 | L21: =SUM(D21:K21) -> 6 | P21: =IFERROR(M21/L21*100,0) -> 0
A22: 17 | B22: NGEMPLAK | C22: NGEMPLAK 2 | L22: =SUM(D22:K22) -> 0 | M22: 3 | P22: =IFERROR(M22/L22*100,0) -> 0
A23: 18 | B23: NGAGLIK | C23: NGAGLIK 1 | D23: 2 | F23: 3 | G23: 3 | H23: 6 | I23: 11 | J23: 4 | L23: =SUM(D23:K23) -> 29 | M23: 11 | N23: 9 | P23: =IFERROR(M23/L23*100,0) -> 37.931034
A24: 19 | B24: NGAGLIK | C24: NGAGLIK 2 | L24: =SUM(D24:K24) -> 0 | M24: 5 | N24: 4 | P24: =IFERROR(M24/L24*100,0) -> 0
A25: 20 | B25: SLEMAN | C25: SLEMAN | G25: 1 | H25: 1 | I25: 4 | J25: 3 | L25: =SUM(D25:K25) -> 9 | M25: 5 | N25: 3 | P25: =IFERROR(M25/L25*100,0) -> 55.555556
A26: 21 | B26: TEMPEL | C26: TEMPEL 1 | E26: 1 | F26: 1 | G26: 2 | I26: 2 | J26: 2 | L26: =SUM(D26:K26) -> 8 | M26: 3 | N26: 2 | P26: =IFERROR(M26/L26*100,0) -> 37.5
A27: 22 | B27: TEMPEL | C27: TEMPEL 2 | L27: =SUM(D27:K27) -> 0 | N27: 4 | P27: =IFERROR(M27/L27*100,0) -> 0
A28: 23 | B28: TURI | C28: TURI | F28: 1 | G28: 1 | H28: 3 | I28: 9 | L28: =SUM(D28:K28) -> 14 | M28: 9 | N28: 7 | P28: =IFERROR(M28/L28*100,0) -> 64.285714
A29: 24 | B29: PAKEM | C29: PAKEM | G29: 1 | H29: 3 | I29: 13 | J29: 4 | K29: 1 | L29: =SUM(D29:K29) -> 22 | M29: 13 | N29: 10 | P29: =IFERROR(M29/L29*100,0) -> 59.090909
A30: 25 | B30: CANGKRINGAN | C30: CANGKRINGAN | F30: 1 | G30: 2 | H30: 3 | I30: 3 | J30: 4 | K30: 1 | L30: =SUM(D30:K30) -> 14 | M30: 6 | N30: 7 | P30: =IFERROR(M30/L30*100,0) -> 42.857143
A31: TOTAL KABUPATEN | D31: =SUM(D6:D30) -> 4 | E31: =SUM(E6:E30) -> 8 | F31: =SUM(F6:F30) -> 36 | G31: =SUM(G6:G30) -> 49 | H31: =SUM(H6:H30) -> 54 | I31: =SUM(I6:I30) -> 120 | J31: =SUM(J6:J30) -> 28 | K31: =SUM(K6:K30) -> 4 | ... O31: =SUM(O6:O30) -> 0 | P31: =IFERROR(M31/L31*100,0) -> 53.465347
A33: Keterangan:
A34: * CFR = Case Fatality Rate (angka kematian kasus) = (Meninggal / Total Kasus) × 100%
A35: * Kelompok umur mengikuti standar klasifikasi Kemenkes RI
A36: * Data Laki-Laki/Perempuan per puskesmas tahun 2024 diestimasi berdasarkan pemetaan alamat domisili dari data rekap individu (File 1). 167 dari 491 catatan (34%) tidak dapat dipetakan ke puskesmas tertentu karena data alamat tidak lengkap.

Sheet 2025
A1: DATA KASUS DEMAM BERDARAH DENGUE (DBD) KABUPATEN SLEMAN TAHUN 2025
A2: Sumber: Dinas Kesehatan Kabupaten Sleman
A4: NO | B4: KAPANEWON | C4: PUSKESMAS | D4: KELOMPOK UMUR (TAHUN) | L4: TOTAL KASUS | M4: LAKI-LAKI | N4: PEREMPUAN | O4: MENINGGAL | P4: CFR (%)
D5: <1 | E5: 1-4 | F5: 5-9 | G5: 10-14 | H5: 15-19 | I5: 20-44 | J5: 45-59 | K5: ≥60
A6: 1 | B6: GAMPING | C6: GAMPING I | F6: 1 | G6: 2 | H6: 3 | I6: 8 | J6: 3 | K6: 5 | L6: =SUM(D6:K6) -> 22 | M6: 11 | N6: 11 | P6: =IFERROR(M6/L6*100,0) -> 50
A7: 2 | B7: GAMPING | C7: GAMPING 2 | F7: 5 | G7: 4 | H7: 4 | I7: 11 | J7: 2 | K7: 2 | L7: =SUM(D7:K7) -> 28 | M7: 13 | N7: 15 | P7: =IFERROR(M7/L7*100,0) -> 46.428571
A8: 3 | B8: GODEAN | C8: GODEAN I | G8: 2 | H8: 1 | I8: 11 | J8: 5 | K8: 1 | L8: =SUM(D8:K8) -> 20 | M8: 8 | N8: 12 | P8: =IFERROR(M8/L8*100,0) -> 40
A9: 4 | B9: GODEAN | C9: GODEAN 2 | E9: 1 | F9: 1 | G9: 5 | H9: 3 | I9: 7 | J9: 5 | L9: =SUM(D9:K9) -> 22 | M9: 11 | N9: 11 | P9: =IFERROR(M9/L9*100,0) -> 50
A10: 5 | B10: MOYUDAN | C10: MOYUDAN | H10: 4 | I10: 12 | J10: 3 | K10: 1 | L10: =SUM(D10:K10) -> 20 | M10: 14 | N10: 6 | P10: =IFERROR(M10/L10*100,0) -> 70
A11: 6 | B11: MINGGIR | C11: MINGGIR | F11: 4 | H11: 4 | I11: 10 | J11: 3 | K11: 12 | L11: =SUM(D11:K11) -> 33 | M11: 18 | N11: 15 | P11: =IFERROR(M11/L11*100,0) -> 54.545455
A12: 7 | B12: SEYEGAN | C12: SEYEGAN | E12: 5 | F12: 3 | G12: 2 | H12: 9 | I12: 14 | J12: 9 | L12: =SUM(D12:K12) -> 42 | M12: 26 | N12: 16 | P12: =IFERROR(M12/L12*100,0) -> 61.904762
A13: 8 | B13: MLATI | C13: MLATI I | F13: 1 | G13: 6 | H13: 1 | I13: 5 | K13: 2 | L13: =SUM(D13:K13) -> 15 | M13: 6 | N13: 9 | P13: =IFERROR(M13/L13*100,0) -> 40
A14: 9 | B14: MLATI | C14: MLATI 2 | E14: 4 | F14: 3 | G14: 7 | H14: 3 | I14: 10 | J14: 3 | L14: =SUM(D14:K14) -> 30 | M14: 17 | N14: 13 | P14: =IFERROR(M14/L14*100,0) -> 56.666667
A15: 10 | B15: DEPOK | C15: DEPOK I | F15: 2 | L15: =SUM(D15:K15) -> 2 | M15: 1 | N15: 2 | P15: =IFERROR(M15/L15*100,0) -> 50
A16: 11 | B16: DEPOK | C16: DEPOK 2 | E16: 1 | F16: 3 | G16: 1 | H16: 1 | I16: 8 | L16: =SUM(D16:K16) -> 14 | M16: 10 | N16: 4 | P16: =IFERROR(M16/L16*100,0) -> 71.428571
A17: 12 | B17: DEPOK | C17: DEPOK 3 | G17: 1 | H17: 4 | I17: 4 | L17: =SUM(D17:K17) -> 9 | M17: 5 | N17: 4 | P17: =IFERROR(M17/L17*100,0) -> 55.555556
A18: 13 | B18: BERBAH | C18: BERBAH | E18: 1 | F18: 2 | G18: 1 | H18: 6 | I18: 4 | L18: =SUM(D18:K18) -> 14 | M18: 8 | N18: 7 | P18: =IFERROR(M18/L18*100,0) -> 57.142857
A19: 14 | B19: PRAMBANAN | C19: PRAMBANAN | F19: 2 | G19: 1 | H19: 5 | I19: 2 | K19: 1 | L19: =SUM(D19:K19) -> 11 | M19: 6 | N19: 5 | P19: =IFERROR(M19/L19*100,0) -> 54.545455
A20: 15 | B20: KALASAN | C20: KALASAN | F20: 1 | L20: =SUM(D20:K20) -> 1 | M20: 1 | P20: =IFERROR(M20/L20*100,0) -> 100
A21: 16 | B21: NGEMPLAK | C21: NGEMPLAK I | G21: 1 | I21: 5 | K21: 1 | L21: =SUM(D21:K21) -> 7 | M21: 4 | N21: 3 | P21: =IFERROR(M21/L21*100,0) -> 57.142857
A22: 17 | B22: NGEMPLAK | C22: NGEMPLAK 2 | F22: 2 | G22: 1 | H22: 1 | I22: 7 | J22: 3 | K22: 1 | L22: =SUM(D22:K22) -> 15 | M22: 8 | N22: 7 | P22: =IFERROR(M22/L22*100,0) -> 53.333333
A23: 18 | B23: NGAGLIK | C23: NGAGLIK 1 | H23: 6 | I23: 20 | J23: 3 | K23: 4 | L23: =SUM(D23:K23) -> 33 | M23: 18 | N23: 15 | P23: =IFERROR(M23/L23*100,0) -> 54.545455
A24: 19 | B24: NGAGLIK | C24: NGAGLIK 2 | E24: 1 | F24: 2 | G24: 1 | H24: 2 | I24: 7 | J24: 1 | K24: 1 | L24: =SUM(D24:K24) -> 15 | M24: 7 | N24: 8 | P24: =IFERROR(M24/L24*100,0) -> 46.666667
A25: 20 | B25: SLEMAN | C25: SLEMAN | E25: 1 | F25: 1 | H25: 2 | I25: 4 | J25: 2 | L25: =SUM(D25:K25) -> 10 | M25: 4 | N25: 6 | P25: =IFERROR(M25/L25*100,0) -> 40
A26: 21 | B26: TEMPEL | C26: TEMPEL 1 | G26: 2 | H26: 2 | I26: 4 | L26: =SUM(D26:K26) -> 8 | M26: 4 | N26: 4 | P26: =IFERROR(M26/L26*100,0) -> 50
A27: 22 | B27: TEMPEL | C27: TEMPEL 2 | G27: 3 | I27: 7 | J27: 1 | K27: 2 | L27: =SUM(D27:K27) -> 13 | M27: 5 | N27: 9 | P27: =IFERROR(M27/L27*100,0) -> 38.461538
A28: 23 | B28: TURI | C28: TURI | H28: 2 | I28: 4 | J28: 3 | L28: =SUM(D28:K28) -> 9 | M28: 6 | N28: 3 | P28: =IFERROR(M28/L28*100,0) -> 66.666667
A29: 24 | B29: PAKEM | C29: PAKEM | F29: 1 | H29: 4 | I29: 6 | J29: 1 | K29: 3 | L29: =SUM(D29:K29) -> 15 | M29: 9 | N29: 6 | P29: =IFERROR(M29/L29*100,0) -> 60
A30: 25 | B30: CANGKRINGAN | C30: CANGKRINGAN | F30: 3 | G30: 2 | H30: 1 | I30: 4 | J30: 2 | L30: =SUM(D30:K30) -> 12 | M30: 3 | N30: 9 | P30: =IFERROR(M30/L30*100,0) -> 25
A31: TOTAL KABUPATEN | D31: =SUM(D6:D30) -> 0 | E31: =SUM(E6:E30) -> 14 | F31: =SUM(F6:F30) -> 37 | G31: =SUM(G6:G30) -> 42 | H31: =SUM(H6:H30) -> 68 | I31: =SUM(I6:I30) -> 174 | J31: =SUM(J6:J30) -> 49 | K31: =SUM(K6:K30) -> 36 | L31: =SUM(L6:L30) -> 420 | M31: 223 | N31: 200 | O31: =SUM(M6:M30) -> 223 | P31: =IFERROR(M31/L31*100,0) -> 53.095238
A33: Keterangan:
A34: * CFR = Case Fatality Rate (angka kematian kasus) = (Meninggal / Total Kasus) × 100%
A35: * Kelompok umur mengikuti standar klasifikasi Kemenkes RI
