Workbook

Sheet Rekapitulasi
A1: REKAPITULASI STATUS GIZI (PSG) BALITA DINAS KESEHATAN KABUPATEN SLEMAN TAHUN 2023 – 2025
A2: Sumber: Dinas Kesehatan Kabupaten Sleman
A4: NO | B4: PUSKESMAS | C4: TAHUN 2023 | I4: TAHUN 2024 | O4: TAHUN 2025
C5: Sasaran Balita | D5: Balita Dipantau | E5: Stunted n | F5: Stunted % | G5: Stunting n | H5: Stunting % | I5: Sasaran Balita | J5: Balita Dipantau | K5: Stunted n | L5: Stunted % | M5: Stunting n | N5: Stunting % | O5: Sasaran Balita | P5: Balita Dipantau | Q5: Stunted n | R5: Stunted % | S5: Stunting n | T5: Stunting %
C6: n | D6: n | E6: n | F6: % | G6: n | H6: % | I6: n | J6: n | K6: n | L6: % | M6: n | N6: % | O6: n | P6: n | Q6: n | R6: % | S6: n | T6: %
A7: 1 | B7: MOYUDAN | C7: ='2023'!C7 -> 1526 | D7: ='2023'!D7 -> 1514 | E7: ='2023'!M7 -> 103 | F7: ='2023'!N7 -> 6.8 | G7: ='2023'!O7 -> 77 | H7: ='2023'!P7 -> 5.09 | I7: ='2024'!C7 -> 1558 | J7: ='2024'!D7 -> 1535 | K7: ='2024'!M7 -> 89 | L7: ='2024'!N7 -> 5.8 | M7: ='2024'!O7 -> 72 | N7: ='2024'!P7 -> 4.69 | O7: ='2025'!C7 -> 1420 | P7: ='2025'!D7 -> 1420 | Q7: ='2025'!M7 -> 64 | R7: ='2025'!N7 -> 4.51 | S7: ='2025'!O7 -> 56 | T7: ='2025'!P7 -> 3.94
A8: 2 | B8: MINGGIR | C8: ='2023'!C8 -> 1578 | D8: ='2023'!D8 -> 1466 | E8: ='2023'!M8 -> 199 | F8: ='2023'!N8 -> 13.57 | G8: ='2023'!O8 -> 89 | H8: ='2023'!P8 -> 6.07 | I8: ='2024'!C8 -> 1461 | J8: ='2024'!D8 -> 1411 | K8: ='2024'!M8 -> 182 | L8: ='2024'!N8 -> 12.9 | M8: ='2024'!O8 -> 120 | N8: ='2024'!P8 -> 8.5 | O8: ='2025'!C8 -> 1446 | P8: ='2025'!D8 -> 1228 | Q8: ='2025'!M8 -> 116 | R8: ='2025'!N8 -> 9.45 | S8: ='2025'!O8 -> 76 | T8: ='2025'!P8 -> 6.19
A9: 3 | B9: SEYEGAN | C9: ='2023'!C9 -> 2515 | D9: ='2023'!D9 -> 2165 | E9: ='2023'!M9 -> 165 | F9: ='2023'!N9 -> 7.62 | G9: ='2023'!O9 -> 156 | H9: ='2023'!P9 -> 7.21 | I9: ='2024'!C9 -> 2522 | J9: ='2024'!D9 -> 2459 | K9: ='2024'!M9 -> 206 | L9: ='2024'!N9 -> 8.38 | M9: ='2024'!O9 -> 174 | N9: ='2024'!P9 -> 7.08 | O9: ='2025'!C9 -> 2329 | P9: ='2025'!D9 -> 2316 | Q9: ='2025'!M9 -> 148 | R9: ='2025'!N9 -> 6.39 | S9: ='2025'!O9 -> 139 | T9: ='2025'!P9 -> 6
A10: 4 | B10: GODEAN I | C10: ='2023'!C10 -> 1909 | D10: ='2023'!D10 -> 1388 | E10: ='2023'!M10 -> 60 | F10: ='2023'!N10 -> 4.32 | G10: ='2023'!O10 -> 60 | H10: ='2023'!P10 -> 4.32 | I10: ='2024'!C10 -> 1893 | J10: ='2024'!D10 -> 1868 | K10: ='2024'!M10 -> 64 | L10: ='2024'!N10 -> 3.43 | M10: ='2024'!O10 -> 61 | N10: ='2024'!P10 -> 3.5 | O10: ='2025'!C10 -> 1684 | P10: ='2025'!D10 -> 1684 | Q10: ='2025'!M10 -> 101 | R10: ='2025'!N10 -> 6 | S10: ='2025'!O10 -> 66 | T10: ='2025'!P10 -> 3.92
A11: 5 | B11: GODEAN II | C11: ='2023'!C11 -> 1793 | D11: ='2023'!D11 -> 1745 | E11: ='2023'!M11 -> 76 | F11: ='2023'!N11 -> 4.36 | G11: ='2023'!O11 -> 50 | H11: ='2023'!P11 -> 2.87 | I11: ='2024'!C11 -> 1793 | J11: ='2024'!D11 -> 1868 | K11: ='2024'!M11 -> 131 | L11: ='2024'!N11 -> 7.51 | M11: ='2024'!O11 -> 61 | N11: ='2024'!P11 -> 3.5 | O11: ='2025'!C11 -> 1684 | P11: ='2025'!D11 -> 1684 | Q11: ='2025'!M11 -> 108 | R11: ='2025'!N11 -> 6.41 | S11: ='2025'!O11 -> 66 | T11: ='2025'!P11 -> 3.92
A12: 6 | B12: GAMPING I | C12: ='2023'!C12 -> 2106 | D12: ='2023'!D12 -> 1957 | E12: ='2023'!M12 -> 102 | F12: ='2023'!N12 -> 5.21 | G12: ='2023'!O12 -> 102 | H12: ='2023'!P12 -> 5.21 | I12: ='2024'!C12 -> 1900 | J12: ='2024'!D12 -> 1853 | K12: ='2024'!M12 -> 92 | L12: ='2024'!N12 -> 4.96 | M12: ='2024'!O12 -> 66 | N12: ='2024'!P12 -> 3.56 | O12: ='2025'!C12 -> 1715 | P12: ='2025'!D12 -> 1715 | Q12: ='2025'!M12 -> 81 | R12: ='2025'!N12 -> 4.72 | S12: ='2025'!O12 -> 65 | T12: ='2025'!P12 -> 3.79
A13: 7 | B13: GAMPING II | C13: ='2023'!C13 -> 2288 | D13: ='2023'!D13 -> 2216 | E13: ='2023'!M13 -> 124 | F13: ='2023'!N13 -> 5.6 | G13: ='2023'!O13 -> 73 | H13: ='2023'!P13 -> 3.29 | I13: ='2024'!C13 -> 1900 | J13: ='2024'!D13 -> 1745 | K13: ='2024'!M13 -> 92 | L13: ='2024'!N13 -> 5.27 | M13: ='2024'!O13 -> 66 | N13: ='2024'!P13 -> 3.78 | O13: ='2025'!C13 -> 1715 | P13: ='2025'!D13 -> 1581 | Q13: ='2025'!M13 -> 88 | R13: ='2025'!N13 -> 5.56 | S13: ='2025'!O13 -> 65 | T13: ='2025'!P13 -> 4.11
A14: 8 | B14: MLATI I | C14: ='2023'!C14 -> 2838 | D14: ='2023'!D14 -> 2561 | E14: ='2023'!M14 -> 159 | F14: ='2023'!N14 -> 6.21 | G14: ='2023'!O14 -> 103 | H14: ='2023'!P14 -> 4.02 | I14: ='2024'!C14 -> 2755 | J14: ='2024'!D14 -> 2710 | K14: ='2024'!M14 -> 137 | L14: ='2024'!N14 -> 5.06 | M14: ='2024'!O14 -> 84 | N14: ='2024'!P14 -> 3.77 | O14: ='2025'!C14 -> 2135 | P14: ='2025'!D14 -> 2134 | Q14: ='2025'!M14 -> 133 | R14: ='2025'!N14 -> 6.23 | S14: ='2025'!O14 -> 80 | T14: ='2025'!P14 -> 3.75
A15: 9 | B15: MLATI II | C15: ='2023'!C15 -> 2755 | D15: ='2023'!D15 -> 2710 | E15: ='2023'!M15 -> 137 | F15: ='2023'!N15 -> 5.06 | G15: ='2023'!O15 -> 84 | H15: ='2023'!P15 -> 3.1 | I15: ='2024'!C15 -> 2838 | J15: ='2024'!D15 -> 2573 | K15: ='2024'!M15 -> 153 | L15: ='2024'!N15 -> 5.95 | M15: ='2024'!O15 -> 84 | N15: ='2024'!P15 -> 3.26 | O15: ='2025'!C15 -> 2135 | P15: ='2025'!D15 -> 1997 | Q15: ='2025'!M15 -> 133 | R15: ='2025'!N15 -> 6.66 | S15: ='2025'!O15 -> 80 | T15: ='2025'!P15 -> 4.01
A16: 10 | B16: DEPOK I | C16: ='2023'!C16 -> 1576 | D16: ='2023'!D16 -> 1219 | E16: ='2023'!M16 -> 59 | F16: ='2023'!N16 -> 4.84 | G16: ='2023'!O16 -> 46 | H16: ='2023'!P16 -> 3.77 | I16: ='2024'!C16 -> 1430 | J16: ='2024'!D16 -> 1313 | K16: ='2024'!M16 -> 50 | L16: ='2024'!N16 -> 3.81 | M16: ='2024'!O16 -> 47 | N16: ='2024'!P16 -> 3.78 | O16: ='2025'!C16 -> 1419 | P16: ='2025'!D16 -> 1244 | Q16: ='2025'!M16 -> 50 | R16: ='2025'!N16 -> 4.02 | S16: ='2025'!O16 -> 47 | T16: ='2025'!P16 -> 3.78
A17: 11 | B17: DEPOK II | C17: ='2023'!C17 -> 1723 | D17: ='2023'!D17 -> 1435 | E17: ='2023'!M17 -> 65 | F17: ='2023'!N17 -> 4.53 | G17: ='2023'!O17 -> 59 | H17: ='2023'!P17 -> 4.11 | I17: ='2024'!C17 -> 1576 | J17: ='2024'!D17 -> 1271 | K17: ='2024'!M17 -> 71 | L17: ='2024'!N17 -> 5.59 | M17: ='2024'!O17 -> 59 | N17: ='2024'!P17 -> 4.64 | O17: ='2025'!C17 -> 1419 | P17: ='2025'!D17 -> 1100 | Q17: ='2025'!M17 -> 92 | R17: ='2025'!N17 -> 8.36 | S17: ='2025'!O17 -> 50 | T17: ='2025'!P17 -> 4.55
A18: 12 | B18: DEPOK III | C18: ='2023'!C18 -> 1380 | D18: ='2023'!D18 -> 1364 | E18: ='2023'!M18 -> 103 | F18: ='2023'!N18 -> 7.55 | G18: ='2023'!O18 -> 72 | H18: ='2023'!P18 -> 5.28 | I18: ='2024'!C18 -> 1380 | J18: ='2024'!D18 -> 1294 | K18: ='2024'!M18 -> 77 | L18: ='2024'!N18 -> 5.95 | M18: ='2024'!O18 -> 72 | N18: ='2024'!P18 -> 5.56 | O18: ='2025'!C18 -> 1333 | P18: ='2025'!D18 -> 1170 | Q18: ='2025'!M18 -> 111 | R18: ='2025'!N18 -> 9.49 | S18: ='2025'!O18 -> 47 | T18: ='2025'!P18 -> 4.02
... A31: 25 | B31: CANGKRINGAN | C31: ='2023'!C31 -> 1888 | D31: ='2023'!D31 -> 1754 | E31: ='2023'!M31 -> 97 | F31: ='2023'!N31 -> 5.53 | G31: ='2023'!O31 -> 93 | H31: ='2023'!P31 -> 5.3 | I31: ='2024'!C31 -> 1776 | J31: ='2024'!D31 -> 1728 | K31: ='2024'!M31 -> 84 | L31: ='2024'!N31 -> 4.86 | M31: ='2024'!O31 -> 67 | N31: ='2024'!P31 -> 3.88 | O31: ='2025'!C31 -> 1690 | P31: ='2025'!D31 -> 1690 | Q31: ='2025'!M31 -> 65 | R31: ='2025'!N31 -> 3.85 | S31: ='2025'!O31 -> 61 | T31: ='2025'!P31 -> 3.61
A32: JUMLAH / KABUPATEN | C32: ='2023'!C32 -> 55808 | D32: ='2023'!D32 -> 50666 | E32: ='2023'!M32 -> 3143 | F32: ='2023'!N32 -> 6.2033711 | G32: ='2023'!O32 -> 2237 | H32: ='2023'!P32 -> 4.4151897 | I32: ='2024'!C32 -> 53408 | J32: ='2024'!D32 -> 51098 | K32: ='2024'!M32 -> 3180 | L32: ='2024'!N32 -> 6.2233356 | M32: ='2024'!O32 -> 2191 | N32: ='2024'!P32 -> 4.2878391 | O32: ='2025'!C32 -> 49264 | P32: ='2025'!D32 -> 47324 | Q32: ='2025'!M32 -> 3028 | R32: ='2025'!N32 -> 6.3984448 | S32: ='2025'!O32 -> 2020 | T32: ='2025'!P32 -> 4.2684473
A34: Keterangan:
A35: * Stunted = Sangat Pendek + Pendek (TB/U < -2 SD)
A36: * Stunting (%) = Total Stunted / Total Balita Dipantau × 100%
A37: * Target nasional penurunan stunting: <14% pada tahun 2024 (RPJMN 2020-2024)

Sheet 2023
A1: HASIL PEMANTAUAN STATUS GIZI (PSG) BALITA DINAS KESEHATAN KABUPATEN SLEMAN TAHUN 2023
A2: Sumber: Dinas Kesehatan Kabupaten Sleman
A4: NO | B4: PUSKESMAS | C4: JUMLAH SASARAN BALITA | D4: TOTAL BALITA DIPANTAU | E4: PB/TB-U (STATUS GIZI BERDASARKAN TINGGI BADAN MENURUT UMUR) | Q4: CAKUPAN PEMANTAUAN (%) | R4: KETERANGAN
E5: SANGAT PENDEK | G5: PENDEK | I5: NORMAL | K5: TINGGI | M5: STUNTED (SP+P) | O5: STUNTING
E6: n | F6: % | G6: n | H6: % | I6: n | J6: % | K6: n | L6: % | M6: n | N6: % | O6: n | P6: %
A7: 1 | B7: MOYUDAN | C7: 1526 | D7: 1514 | E7: 26 | F7: 1.72 | G7: 77 | H7: 5.09 | I7: 1410 | J7: 93.13 | K7: 1 | L7: 0.07 | M7: 103 | N7: 6.8 | O7: 77 | P7: 5.09 | Q7: =IFERROR(D7/C7*100,0) -> 99.21363
A8: 2 | B8: MINGGIR | C8: 1578 | D8: 1466 | E8: 33 | F8: 2.25 | G8: 166 | H8: 11.32 | I8: 1266 | J8: 86.36 | K8: 1 | L8: 0.07 | M8: 199 | N8: 13.57 | O8: 89 | P8: 6.07 | Q8: =IFERROR(D8/C8*100,0) -> 92.902408
A9: 3 | B9: SEYEGAN | C9: 2515 | D9: 2165 | E9: 53 | F9: 2.45 | G9: 112 | H9: 5.17 | I9: 2000 | J9: 92.38 | K9: 0 | L9: 0 | M9: 165 | N9: 7.62 | O9: 156 | P9: 7.21 | Q9: =IFERROR(D9/C9*100,0) -> 86.083499
A10: 4 | B10: GODEAN I | C10: 1909 | D10: 1388 | E10: 6 | F10: 0.43 | G10: 54 | H10: 3.89 | I10: 1313 | J10: 94.6 | K10: 15 | L10: 1.08 | M10: 60 | N10: 4.32 | O10: 60 | P10: 4.32 | Q10: =IFERROR(D10/C10*100,0) -> 72.708224
A11: 5 | B11: GODEAN II | C11: 1793 | D11: 1745 | E11: 16 | F11: 0.92 | G11: 60 | H11: 3.44 | I11: 1665 | J11: 95.41 | K11: 4 | L11: 0.23 | M11: 76 | N11: 4.36 | O11: 50 | P11: 2.87 | Q11: 97.32
A12: 6 | B12: GAMPING I | C12: 2106 | D12: 1957 | E12: 6 | F12: 0.31 | G12: 96 | H12: 4.91 | I12: 1853 | J12: 94.69 | K12: 2 | L12: 0.1 | M12: 102 | N12: 5.21 | O12: 102 | P12: 5.21 | Q12: =IFERROR(D12/C12*100,0) -> 92.924976
A13: 7 | B13: GAMPING II | C13: 2288 | D13: 2216 | E13: 15 | F13: 0.68 | G13: 109 | H13: 4.92 | I13: 2091 | J13: 94.36 | K13: 1 | L13: 0.05 | M13: 124 | N13: 5.6 | O13: 73 | P13: 3.29 | Q13: 96.86
A14: 8 | B14: MLATI I | C14: 2838 | D14: 2561 | E14: 28 | F14: 1.09 | G14: 131 | H14: 5.12 | I14: 2401 | J14: 93.75 | K14: 1 | L14: 0.04 | M14: 159 | N14: 6.21 | O14: 103 | P14: 4.02 | Q14: =IFERROR(D14/C14*100,0) -> 90.239605
A15: 9 | B15: MLATI II | C15: 2755 | D15: 2710 | E15: 22 | F15: 0.81 | G15: 115 | H15: 4.24 | I15: 2573 | J15: 94.94 | K15: 0 | L15: 0 | M15: 137 | N15: 5.06 | O15: 84 | P15: 3.1 | Q15: 98.37
A16: 10 | B16: DEPOK I | C16: 1576 | D16: 1219 | E16: 14 | F16: 1.15 | G16: 45 | H16: 3.69 | I16: 1159 | J16: 95.08 | K16: 1 | L16: 0.08 | M16: 59 | N16: 4.84 | O16: 46 | P16: 3.77 | Q16: =IFERROR(D16/C16*100,0) -> 77.347716
A17: 11 | B17: DEPOK II | C17: 1723 | D17: 1435 | E17: 21 | F17: 1.46 | G17: 44 | H17: 3.07 | I17: 1369 | J17: 95.4 | K17: 1 | L17: 0.07 | M17: 65 | N17: 4.53 | O17: 59 | P17: 4.11 | Q17: 83.28
A18: 12 | B18: DEPOK III | C18: 1380 | D18: 1364 | E18: 37 | F18: 2.71 | G18: 66 | H18: 4.84 | I18: 1262 | J18: 92.52 | K18: 1 | L18: 0.07 | M18: 103 | N18: 7.55 | O18: 72 | P18: 5.28 | Q18: 98.84
A19: 13 | B19: BERBAH | C19: 3180 | D19: 3042 | E19: 30 | F19: 0.99 | G19: 118 | H19: 3.88 | I19: 2877 | J19: 94.58 | K19: 17 | L19: 0.56 | M19: 148 | N19: 4.87 | O19: 72 | P19: 2.37 | Q19: =IFERROR(D19/C19*100,0) -> 95.660377
A20: 14 | B20: PRAMBANAN | C20: 3173 | D20: 3079 | E20: 35 | F20: 1.14 | G20: 150 | H20: 4.87 | I20: 2888 | J20: 93.8 | K20: 6 | L20: 0.19 | M20: 185 | N20: 6.01 | O20: 169 | P20: 5.49 | Q20: =IFERROR(D20/C20*100,0) -> 97.037504
A21: 15 | B21: KALASAN | C21: 4324 | D21: 3220 | E21: 59 | F21: 1.83 | G21: 164 | H21: 5.09 | I21: 2982 | J21: 92.61 | K21: 15 | L21: 0.47 | M21: 223 | N21: 6.93 | O21: 167 | P21: 5.19 | Q21: =IFERROR(D21/C21*100,0) -> 74.468085
A22: 16 | B22: NGEMPLAK I | C22: 1307 | D22: 1188 | E22: 13 | F22: 1.09 | G22: 83 | H22: 6.99 | I22: 1090 | J22: 91.75 | K22: 2 | L22: 0.17 | M22: 96 | N22: 8.08 | O22: 55 | P22: 4.63 | Q22: =IFERROR(D22/C22*100,0) -> 90.89518
A23: 17 | B23: NGEMPLAK II | C23: 2346 | D23: 2279 | E23: 37 | F23: 1.62 | G23: 111 | H23: 4.87 | I23: 2124 | J23: 93.2 | K23: 7 | L23: 0.31 | M23: 148 | N23: 6.49 | O23: 95 | P23: 4.17 | Q23: 97.14
A24: 18 | B24: NGAGLIK I | C24: 2420 | D24: 2071 | E24: 20 | F24: 0.97 | G24: 92 | H24: 4.44 | I24: 1955 | J24: 94.4 | K24: 4 | L24: 0.19 | M24: 112 | N24: 5.41 | O24: 54 | P24: 2.61 | Q24: =IFERROR(D24/C24*100,0) -> 85.578512
A25: 19 | B25: NGAGLIK II | C25: 2257 | D25: 2115 | E25: 22 | F25: 1.04 | G25: 35 | H25: 1.65 | I25: 2052 | J25: 97.02 | K25: 6 | L25: 0.28 | M25: 57 | N25: 2.7 | O25: 62 | P25: 2.93 | Q25: 93.71
A26: 20 | B26: SLEMAN | C26: 3621 | D26: 3145 | E26: 49 | F26: 1.56 | G26: 91 | H26: 2.89 | I26: 3005 | J26: 95.55 | K26: 0 | L26: 0 | M26: 140 | N26: 4.45 | O26: 111 | P26: 3.53 | Q26: =IFERROR(D26/C26*100,0) -> 86.85446
A27: 21 | B27: TEMPEL I | C27: 1642 | D27: 1586 | E27: 26 | F27: 1.64 | G27: 63 | H27: 3.97 | I27: 1493 | J27: 94.14 | K27: 4 | L27: 0.25 | M27: 89 | N27: 5.61 | O27: 48 | P27: 3.03 | Q27: =IFERROR(D27/C27*100,0) -> 96.589525
A28: 22 | B28: TEMPEL II | C28: 1608 | D28: 1558 | E28: 27 | F28: 1.73 | G28: 31 | H28: 1.99 | I28: 1500 | J28: 96.28 | K28: 0 | L28: 0 | M28: 58 | N28: 3.72 | O28: 54 | P28: 3.47 | Q28: 96.89
A29: 23 | B29: TURI | C29: 1972 | D29: 1876 | E29: 69 | F29: 3.68 | G29: 129 | H29: 6.88 | I29: 1677 | J29: 89.39 | K29: 1 | L29: 0.05 | M29: 198 | N29: 10.55 | O29: 111 | P29: 5.92 | Q29: =IFERROR(D29/C29*100,0) -> 95.131846
A30: 24 | B30: PAKEM | C30: 2083 | D30: 2013 | E30: 43 | F30: 2.14 | G30: 197 | H30: 9.79 | I30: 1773 | J30: 88.08 | K30: 0 | L30: 0 | M30: 240 | N30: 11.92 | O30: 175 | P30: 8.69 | Q30: =IFERROR(D30/C30*100,0) -> 96.639462
A31: 25 | B31: CANGKRINGAN | C31: 1888 | D31: 1754 | E31: 27 | F31: 1.54 | G31: 70 | H31: 3.99 | I31: 1654 | J31: 94.3 | K31: 3 | L31: 0.17 | M31: 97 | N31: 5.53 | O31: 93 | P31: 5.3 | Q31: =IFERROR(D31/C31*100,0) -> 92.902542
A32: JUMLAH / KABUPATEN | C32: =SUM(C7:C31) -> 55808 | D32: =SUM(D7:D31) -> 50666 | E32: =SUM(E7:E31) -> 734 | F32: =IFERROR(E32/D32*100,0) -> 1.4487033 | G32: =SUM(G7:G31) -> 2409 | H32: =IFERROR(G32/D32*100,0) -> 4.7546678 | I32: =SUM(I7:I31) -> 47432 | J32: =IFERROR(I32/D32*100,0) -> 93.617021 | K32: =SUM(K7:K31) -> 93 | L32: =IFERROR(K32/D32*100,0) -> 0.18355505 | M32: =SUM(M7:M31) -> 3143 | N32: =IFERROR(M32/D32*100,0) -> 6.2033711 | O32: =SUM(O7:O31) -> 2237 | P32: =IFERROR(O32/D32*100,0) -> 4.4151897 | Q32: =IFERROR(D32/C32*100,0) -> 90.786267
A34: Keterangan:
A35: * SP = Sangat Pendek (z-score < -3 SD) | P = Pendek (-3 SD ≤ z-score < -2 SD) | Normal (-2 SD ≤ z-score ≤ +2 SD) | Tinggi (z-score > +2 SD)
A36: * Stunted = Sangat Pendek + Pendek | Stunting = anak stunted dibanding total dipantau
A37: * Cakupan Pemantauan (%) = Total Balita Dipantau / Jumlah Sasaran Balita × 100%

Sheet 2024
A1: HASIL PEMANTAUAN STATUS GIZI (PSG) BALITA DINAS KESEHATAN KABUPATEN SLEMAN TAHUN 2024
A2: Sumber: Dinas Kesehatan Kabupaten Sleman
A4: NO | B4: PUSKESMAS | C4: JUMLAH SASARAN BALITA | D4: TOTAL BALITA DIPANTAU | E4: PB/TB-U (STATUS GIZI BERDASARKAN TINGGI BADAN MENURUT UMUR) | Q4: CAKUPAN PEMANTAUAN (%) | R4: KETERANGAN
E5: SANGAT PENDEK | G5: PENDEK | I5: NORMAL | K5: TINGGI | M5: STUNTED (SP+P) | O5: STUNTING
E6: n | F6: % | G6: n | H6: % | I6: n | J6: % | K6: n | L6: % | M6: n | N6: % | O6: n | P6: %
A7: 1 | B7: MOYUDAN | C7: 1558 | D7: 1535 | E7: 18 | F7: 1.17 | G7: 71 | H7: 4.63 | I7: 1446 | J7: 94.2 | K7: 0 | L7: 0 | M7: 89 | N7: 5.8 | O7: 72 | P7: 4.69 | Q7: =IFERROR(D7/C7*100,0) -> 98.523748
A8: 2 | B8: MINGGIR | C8: 1461 | D8: 1411 | E8: 29 | F8: 2.06 | G8: 153 | H8: 10.84 | I8: 1228 | J8: 87.03 | K8: 1 | L8: 0.07 | M8: 182 | N8: 12.9 | O8: 120 | P8: 8.5 | Q8: =IFERROR(D8/C8*100,0) -> 96.577687
A9: 3 | B9: SEYEGAN | C9: 2522 | D9: 2459 | E9: 64 | F9: 2.6 | G9: 142 | H9: 5.77 | I9: 2253 | J9: 91.62 | K9: 0 | L9: 0 | M9: 206 | N9: 8.38 | O9: 174 | P9: 7.08 | Q9: =IFERROR(D9/C9*100,0) -> 97.501983
A10: 4 | B10: GODEAN I | C10: 1893 | D10: 1868 | E10: 12 | F10: 0.64 | G10: 52 | H10: 2.78 | I10: 1798 | J10: 96.25 | K10: 6 | L10: 0.32 | M10: 64 | N10: 3.43 | O10: 61 | P10: 3.5 | Q10: =IFERROR(D10/C10*100,0) -> 98.679345
A11: 5 | B11: GODEAN II | C11: 1793 | D11: 1868 | E11: 22 | F11: 1.26 | G11: 109 | H11: 6.25 | I11: 1748 | J11: 93.58 | K11: 3 | L11: 0.16 | M11: 131 | N11: 7.51 | O11: 61 | P11: 3.5 | Q11: 98.68
A12: 6 | B12: GAMPING I | C12: 1900 | D12: 1853 | E12: 16 | F12: 0.86 | G12: 76 | H12: 4.1 | I12: 1761 | J12: 95.04 | K12: 0 | L12: 0 | M12: 92 | N12: 4.96 | O12: 66 | P12: 3.56 | Q12: =IFERROR(D12/C12*100,0) -> 97.526316
A13: 7 | B13: GAMPING II | C13: 1900 | D13: 1745 | E13: 16 | F13: 0.92 | G13: 76 | H13: 4.36 | I13: 1651 | J13: 94.61 | K13: 2 | L13: 0.11 | M13: 92 | N13: 5.27 | O13: 66 | P13: 3.78 | Q13: 91.84
A14: 8 | B14: MLATI I | C14: 2755 | D14: 2710 | E14: 22 | F14: 0.81 | G14: 115 | H14: 4.24 | I14: 2573 | J14: 94.94 | K14: 0 | L14: 0 | M14: 137 | N14: 5.06 | O14: 84 | P14: 3.77 | Q14: =IFERROR(D14/C14*100,0) -> 98.366606
A15: 9 | B15: MLATI II | C15: 2838 | D15: 2573 | E15: 38 | F15: 1.48 | G15: 115 | H15: 4.47 | I15: 2420 | J15: 94.06 | K15: 0 | L15: 0 | M15: 153 | N15: 5.95 | O15: 84 | P15: 3.26 | Q15: 90.65
A16: 10 | B16: DEPOK I | C16: 1430 | D16: 1313 | E16: 13 | F16: 0.99 | G16: 37 | H16: 2.82 | I16: 1262 | J16: 96.12 | K16: 1 | L16: 0.08 | M16: 50 | N16: 3.81 | O16: 47 | P16: 3.78 | Q16: =IFERROR(D16/C16*100,0) -> 91.818182
A17: 11 | B17: DEPOK II | C17: 1576 | D17: 1271 | E17: 18 | F17: 1.42 | G17: 53 | H17: 4.17 | I17: 1196 | J17: 94.1 | K17: 4 | L17: 0.31 | M17: 71 | N17: 5.59 | O17: 59 | P17: 4.64 | Q17: 80.64
A18: 12 | B18: DEPOK III | C18: 1380 | D18: 1294 | E18: 12 | F18: 0.93 | G18: 65 | H18: 5.02 | I18: 1217 | J18: 94.05 | K18: 0 | L18: 0 | M18: 77 | N18: 5.95 | O18: 72 | P18: 5.56 | Q18: 93.77
A19: 13 | B19: BERBAH | C19: 3172 | D19: 3041 | E19: 28 | F19: 0.92 | G19: 158 | H19: 5.2 | I19: 2846 | J19: 93.59 | K19: 9 | L19: 0.3 | M19: 186 | N19: 6.12 | O19: 90 | P19: 2.96 | Q19: =IFERROR(D19/C19*100,0) -> 95.870113
A20: 14 | B20: PRAMBANAN | C20: 2950 | D20: 2912 | E20: 70 | F20: 2.4 | G20: 123 | H20: 4.22 | I20: 2717 | J20: 93.3 | K20: 2 | L20: 0.07 | M20: 193 | N20: 6.63 | O20: 142 | P20: 4.88 | Q20: =IFERROR(D20/C20*100,0) -> 98.711864
A21: 15 | B21: KALASAN | C21: 3995 | D21: 3780 | E21: 24 | F21: 0.63 | G21: 169 | H21: 4.47 | I21: 3578 | J21: 94.66 | K21: 9 | L21: 0.24 | M21: 193 | N21: 5.11 | O21: 175 | P21: 4.63 | Q21: =IFERROR(D21/C21*100,0) -> 94.618273
A22: 16 | B22: NGEMPLAK I | C22: 1352 | D22: 1343 | E22: 23 | F22: 1.71 | G22: 109 | H22: 8.12 | I22: 1209 | J22: 90.02 | K22: 2 | L22: 0.15 | M22: 132 | N22: 9.83 | O22: 65 | P22: 4.84 | Q22: =IFERROR(D22/C22*100,0) -> 99.33432
A23: 17 | B23: NGEMPLAK II | C23: 2346 | D23: 2071 | E23: 25 | F23: 1.21 | G23: 93 | H23: 4.49 | I23: 1950 | J23: 94.15 | K23: 3 | L23: 0.14 | M23: 118 | N23: 5.7 | O23: 65 | P23: 3.14 | Q23: 88.28
A24: 18 | B24: NGAGLIK I | C24: 2220 | D24: 2153 | E24: 19 | F24: 0.88 | G24: 93 | H24: 4.32 | I24: 2037 | J24: 94.61 | K24: 4 | L24: 0.19 | M24: 112 | N24: 5.2 | O24: 55 | P24: 2.6 | Q24: =IFERROR(D24/C24*100,0) -> 96.981982
A25: 19 | B25: NGAGLIK II | C25: 2257 | D25: 2115 | E25: 25 | F25: 1.18 | G25: 32 | H25: 1.51 | I25: 2052 | J25: 97.02 | K25: 6 | L25: 0.28 | M25: 57 | N25: 2.7 | O25: 55 | P25: 2.6 | Q25: 93.71
A26: 20 | B26: SLEMAN | C26: 3376 | D26: 3235 | E26: 56 | F26: 1.73 | G26: 124 | H26: 3.83 | I26: 3055 | J26: 94.44 | K26: 0 | L26: 0 | M26: 180 | N26: 5.56 | O26: 137 | P26: 4.23 | Q26: =IFERROR(D26/C26*100,0) -> 95.82346
A27: 21 | B27: TEMPEL I | C27: 1608 | D27: 1558 | E27: 27 | F27: 1.73 | G27: 31 | H27: 1.99 | I27: 1500 | J27: 96.28 | K27: 0 | L27: 0 | M27: 58 | N27: 3.72 | O27: 54 | P27: 3.47 | Q27: =IFERROR(D27/C27*100,0) -> 96.890547
A28: 22 | B28: TEMPEL II | C28: 1258 | D28: 1220 | E28: 19 | F28: 1.56 | G28: 35 | H28: 2.87 | I28: 1166 | J28: 95.57 | K28: 0 | L28: 0 | M28: 54 | N28: 4.43 | O28: 35 | P28: 2.87 | Q28: 96.98
A29: 23 | B29: TURI | C29: 2046 | D29: 2028 | E29: 54 | F29: 2.66 | G29: 168 | H29: 8.28 | I29: 1804 | J29: 88.95 | K29: 2 | L29: 0.1 | M29: 222 | N29: 10.95 | O29: 134 | P29: 6.61 | Q29: =IFERROR(D29/C29*100,0) -> 99.120235
A30: 24 | B30: PAKEM | C30: 2046 | D30: 2014 | E30: 41 | F30: 2.04 | G30: 206 | H30: 10.23 | I30: 1767 | J30: 87.74 | K30: 0 | L30: 0 | M30: 247 | N30: 12.26 | O30: 151 | P30: 7.5 | Q30: =IFERROR(D30/C30*100,0) -> 98.435973
A31: 25 | B31: CANGKRINGAN | C31: 1776 | D31: 1728 | E31: 23 | F31: 1.33 | G31: 61 | H31: 3.53 | I31: 1641 | J31: 94.97 | K31: 3 | L31: 0.17 | M31: 84 | N31: 4.86 | O31: 67 | P31: 3.88 | Q31: =IFERROR(D31/C31*100,0) -> 97.297297
A32: JUMLAH / KABUPATEN | C32: =SUM(C7:C31) -> 53408 | D32: =SUM(D7:D31) -> 51098 | E32: =SUM(E7:E31) -> 714 | F32: =IFERROR(E32/D32*100,0) -> 1.397315 | G32: =SUM(G7:G31) -> 2466 | H32: =IFERROR(G32/D32*100,0) -> 4.8260206 | I32: =SUM(I7:I31) -> 47875 | J32: =IFERROR(I32/D32*100,0) -> 93.692512 | K32: =SUM(K7:K31) -> 57 | L32: =IFERROR(K32/D32*100,0) -> 0.11155035 | M32: =SUM(M7:M31) -> 3180 | N32: =IFERROR(M32/D32*100,0) -> 6.2233356 | O32: =SUM(O7:O31) -> 2191 | P32: =IFERROR(O32/D32*100,0) -> 4.2878391 | Q32: =IFERROR(D32/C32*100,0) -> 95.674805
A34: Keterangan:
A35: * SP = Sangat Pendek (z-score < -3 SD) | P = Pendek (-3 SD ≤ z-score < -2 SD) | Normal (-2 SD ≤ z-score ≤ +2 SD) | Tinggi (z-score > +2 SD)
A36: * Stunted = Sangat Pendek + Pendek | Stunting = anak stunted dibanding total dipantau
A37: * Cakupan Pemantauan (%) = Total Balita Dipantau / Jumlah Sasaran Balita × 100%

Sheet 2025
A1: HASIL PEMANTAUAN STATUS GIZI (PSG) BALITA DINAS KESEHATAN KABUPATEN SLEMAN TAHUN 2025
A2: Sumber: Dinas Kesehatan Kabupaten Sleman
A4: NO | B4: PUSKESMAS | C4: JUMLAH SASARAN BALITA | D4: TOTAL BALITA DIPANTAU | E4: PB/TB-U (STATUS GIZI BERDASARKAN TINGGI BADAN MENURUT UMUR) | Q4: CAKUPAN PEMANTAUAN (%) | R4: KETERANGAN
E5: SANGAT PENDEK | G5: PENDEK | I5: NORMAL | K5: TINGGI | M5: STUNTED (SP+P) | O5: STUNTING
E6: n | F6: % | G6: n | H6: % | I6: n | J6: % | K6: n | L6: % | M6: n | N6: % | O6: n | P6: %
A7: 1 | B7: MOYUDAN | C7: 1420 | D7: 1420 | E7: 10 | F7: 0.7 | G7: 54 | H7: 3.8 | I7: 1356 | J7: 95.49 | K7: 0 | L7: 0 | M7: 64 | N7: 4.51 | O7: 56 | P7: 3.94 | Q7: =IFERROR(D7/C7*100,0) -> 100
A8: 2 | B8: MINGGIR | C8: 1446 | D8: 1228 | E8: 10 | F8: 0.7 | G8: 54 | H8: 3.8 | I8: 1112 | J8: 90.55 | K8: 0 | L8: 0 | M8: 116 | N8: 9.45 | O8: 76 | P8: 6.19 | Q8: =IFERROR(D8/C8*100,0) -> 84.923928
A9: 3 | B9: SEYEGAN | C9: 2329 | D9: 2316 | E9: 29 | F9: 1.42 | G9: 115 | H9: 4.97 | I9: 2168 | J9: 93.61 | K9: 0 | L9: 0 | M9: 148 | N9: 6.39 | O9: 139 | P9: 6 | Q9: =IFERROR(D9/C9*100,0) -> 99.441821
A10: 4 | B10: GODEAN I | C10: 1684 | D10: 1684 | E10: 18 | F10: 1.07 | G10: 83 | H10: 4.93 | I10: 1581 | J10: 93.88 | K10: 2 | L10: 0.12 | M10: 101 | N10: 6 | O10: 66 | P10: 3.92 | Q10: =IFERROR(D10/C10*100,0) -> 100
A11: 5 | B11: GODEAN II | C11: 1684 | D11: 1684 | E11: 25 | F11: 1.48 | G11: 83 | H11: 4.93 | I11: 1571 | J11: 93.29 | K11: 5 | L11: 0.3 | M11: 108 | N11: 6.41 | O11: 66 | P11: 3.92 | Q11: 100
A12: 6 | B12: GAMPING I | C12: 1715 | D12: 1715 | E12: 18 | F12: 1.05 | G12: 63 | H12: 3.67 | I12: 1633 | J12: 95.22 | K12: 1 | L12: 0.06 | M12: 81 | N12: 4.72 | O12: 65 | P12: 3.79 | Q12: =IFERROR(D12/C12*100,0) -> 100
A13: 7 | B13: GAMPING II | C13: 1715 | D13: 1581 | E13: 25 | F13: 1.58 | G13: 63 | H13: 3.98 | I13: 1490 | J13: 94.24 | K13: 3 | L13: 0.19 | M13: 88 | N13: 5.56 | O13: 65 | P13: 4.11 | Q13: 92.16
A14: 8 | B14: MLATI I | C14: 2135 | D14: 2134 | E14: 42 | F14: 1.97 | G14: 91 | H14: 4.26 | I14: 1997 | J14: 93.58 | K14: 4 | L14: 0.19 | M14: 133 | N14: 6.23 | O14: 80 | P14: 3.75 | Q14: =IFERROR(D14/C14*100,0) -> 99.953162
A15: 9 | B15: MLATI II | C15: 2135 | D15: 1997 | E15: 42 | F15: 2.1 | G15: 91 | H15: 4.56 | I15: 1853 | J15: 92.79 | K15: 4 | L15: 0.2 | M15: 133 | N15: 6.66 | O15: 80 | P15: 4.01 | Q15: 93.51
A16: 10 | B16: DEPOK I | C16: 1419 | D16: 1244 | E16: 14 | F16: 1.13 | G16: 36 | H16: 2.89 | I16: 1190 | J16: 95.66 | K16: 4 | L16: 0.32 | M16: 50 | N16: 4.02 | O16: 47 | P16: 3.78 | Q16: =IFERROR(D16/C16*100,0) -> 87.667371
A17: 11 | B17: DEPOK II | C17: 1419 | D17: 1100 | E17: 26 | F17: 2.36 | G17: 66 | H17: 6 | I17: 1004 | J17: 91.27 | K17: 4 | L17: 0.36 | M17: 92 | N17: 8.36 | O17: 50 | P17: 4.55 | Q17: 77.52
A18: 12 | B18: DEPOK III | C18: 1333 | D18: 1170 | E18: 25 | F18: 2.14 | G18: 86 | H18: 7.35 | I18: 1055 | J18: 90.17 | K18: 4 | L18: 0.34 | M18: 111 | N18: 9.49 | O18: 47 | P18: 4.02 | Q18: 87.77
A19: 13 | B19: BERBAH | C19: 2945 | D19: 2945 | E19: 35 | F19: 1.19 | G19: 109 | H19: 3.7 | I19: 2739 | J19: 93.01 | K19: 62 | L19: 2.11 | M19: 144 | N19: 4.89 | O19: 95 | P19: 3.23 | Q19: =IFERROR(D19/C19*100,0) -> 100
A20: 14 | B20: PRAMBANAN | C20: 2681 | D20: 2602 | E20: 45 | F20: 1.73 | G20: 121 | H20: 4.65 | I20: 2428 | J20: 93.31 | K20: 8 | L20: 0.31 | M20: 166 | N20: 6.38 | O20: 113 | P20: 4.34 | Q20: =IFERROR(D20/C20*100,0) -> 97.053338
A21: 15 | B21: KALASAN | C21: 3921 | D21: 3862 | E21: 38 | F21: 0.98 | G21: 186 | H21: 4.82 | I21: 3632 | J21: 94.04 | K21: 6 | L21: 0.16 | M21: 224 | N21: 5.8 | O21: 176 | P21: 4.56 | Q21: =IFERROR(D21/C21*100,0) -> 98.495282
A22: 16 | B22: NGEMPLAK I | C22: 2195 | D22: 2079 | E22: 34 | F22: 1.64 | G22: 127 | H22: 6.11 | I22: 1916 | J22: 92.16 | K22: 2 | L22: 0.1 | M22: 161 | N22: 7.74 | O22: 85 | P22: 4.09 | Q22: =IFERROR(D22/C22*100,0) -> 94.715262
A23: 17 | B23: NGEMPLAK II | C23: 2195 | D23: 1808 | E23: 27 | F23: 1.49 | G23: 114 | H23: 6.31 | I23: 1660 | J23: 91.82 | K23: 7 | L23: 0.39 | M23: 141 | N23: 7.8 | O23: 67 | P23: 3.71 | Q23: 82.37
A24: 18 | B24: NGAGLIK I | C24: 2069 | D24: 2062 | E24: 27 | F24: 1.31 | G24: 127 | H24: 6.16 | I24: 1906 | J24: 92.43 | K24: 2 | L24: 0.1 | M24: 154 | N24: 7.47 | O24: 97 | P24: 4.7 | Q24: =IFERROR(D24/C24*100,0) -> 99.661672
A25: 19 | B25: NGAGLIK II | C25: 2069 | D25: 1986 | E25: 21 | F25: 1.06 | G25: 92 | H25: 4.63 | I25: 1870 | J25: 94.16 | K25: 3 | L25: 0.15 | M25: 113 | N25: 5.69 | O25: 50 | P25: 2.52 | Q25: 95.99
A26: 20 | B26: SLEMAN | C26: 3008 | D26: 3008 | E26: 55 | F26: 1.83 | G26: 101 | H26: 3.36 | I26: 2852 | J26: 94.81 | K26: 0 | L26: 0 | M26: 156 | N26: 5.19 | O26: 130 | P26: 4.32 | Q26: =IFERROR(D26/C26*100,0) -> 100
A27: 21 | B27: TEMPEL I | C27: 1134 | D27: 1128 | E27: 16 | F27: 1.42 | G27: 25 | H27: 2.22 | I27: 1087 | J27: 96.37 | K27: 0 | L27: 0 | M27: 41 | N27: 3.63 | O27: 38 | P27: 3.37 | Q27: =IFERROR(D27/C27*100,0) -> 99.470899
A28: 22 | B28: TEMPEL II | C28: 1134 | D28: 1128 | E28: 16 | F28: 1.42 | G28: 25 | H28: 2.22 | I28: 1087 | J28: 96.37 | K28: 0 | L28: 0 | M28: 41 | N28: 3.63 | O28: 38 | P28: 3.37 | Q28: 99.47
A29: 23 | B29: TURI | C29: 1854 | D29: 1848 | E29: 50 | F29: 2.71 | G29: 143 | H29: 7.74 | I29: 1655 | J29: 89.56 | K29: 0 | L29: 0 | M29: 193 | N29: 10.44 | O29: 109 | P29: 5.9 | Q29: =IFERROR(D29/C29*100,0) -> 99.676375
A30: 24 | B30: PAKEM | C30: 1935 | D30: 1905 | E30: 34 | F30: 1.78 | G30: 170 | H30: 8.92 | I30: 1701 | J30: 89.29 | K30: 0 | L30: 0 | M30: 204 | N30: 10.71 | O30: 124 | P30: 6.51 | Q30: =IFERROR(D30/C30*100,0) -> 98.449612
A31: 25 | B31: CANGKRINGAN | C31: 1690 | D31: 1690 | E31: 22 | F31: 1.3 | G31: 43 | H31: 2.54 | I31: 1624 | J31: 96.09 | K31: 1 | L31: 0.06 | M31: 65 | N31: 3.85 | O31: 61 | P31: 3.61 | Q31: =IFERROR(D31/C31*100,0) -> 100
A32: JUMLAH / KABUPATEN | C32: =SUM(C7:C31) -> 49264 | D32: =SUM(D7:D31) -> 47324 | E32: =SUM(E7:E31) -> 704 | F32: =IFERROR(E32/D32*100,0) -> 1.4876173 | G32: =SUM(G7:G31) -> 2268 | H32: =IFERROR(G32/D32*100,0) -> 4.7924943 | I32: =SUM(I7:I31) -> 44167 | J32: =IFERROR(I32/D32*100,0) -> 93.328966 | K32: =SUM(K7:K31) -> 122 | L32: =IFERROR(K32/D32*100,0) -> 0.25779731 | M32: =SUM(M7:M31) -> 3028 | N32: =IFERROR(M32/D32*100,0) -> 6.3984448 | O32: =SUM(O7:O31) -> 2020 | P32: =IFERROR(O32/D32*100,0) -> 4.2684473 | Q32: =IFERROR(D32/C32*100,0) -> 96.062033
A34: Keterangan:
A35: * SP = Sangat Pendek (z-score < -3 SD) | P = Pendek (-3 SD ≤ z-score < -2 SD) | Normal (-2 SD ≤ z-score ≤ +2 SD) | Tinggi (z-score > +2 SD)
A36: * Stunted = Sangat Pendek + Pendek | Stunting = anak stunted dibanding total dipantau
A37: * Cakupan Pemantauan (%) = Total Balita Dipantau / Jumlah Sasaran Balita × 100%
