Workbook

Sheet Rekapitulasi
A1: REKAPITULASI KASUS CAMPAK KABUPATEN SLEMAN TAHUN 2023–2025
A2: Sumber: Dinas Kesehatan Kabupaten Sleman
A4: NO | B4: PUSKESMAS | C4: TAHUN 2023 | F4: TAHUN 2024 | I4: TAHUN 2025
C5: SUSPEK | D5: POSITIF | E5: POS. RATE (%) | F5: SUSPEK | G5: POSITIF | H5: POS. RATE (%) | I5: SUSPEK | J5: POSITIF | K5: POS. RATE (%)
A6: 1 | B6: GAMPING I | C6: ='Kasus 2023'!J7 -> 13 | D6: ='Kasus 2023'!Q7 -> 1 | E6: =IFERROR(D6/C6*100,0) -> 7.6923077 | F6: ='Kasus 2024'!J7 -> 22 | G6: ='Kasus 2024'!Q7 -> 2 | H6: =IFERROR(G6/F6*100,0) -> 9.0909091 | I6: ='Kasus 2025'!J7 -> 12 | J6: ='Kasus 2025'!Q7 -> 0 | K6: =IFERROR(J6/I6*100,0) -> 0
A7: 2 | B7: GAMPING 2 | C7: ='Kasus 2023'!J8 -> 17 | D7: ='Kasus 2023'!Q8 -> 3 | E7: =IFERROR(D7/C7*100,0) -> 17.647059 | F7: ='Kasus 2024'!J8 -> 23 | G7: ='Kasus 2024'!Q8 -> 2 | H7: =IFERROR(G7/F7*100,0) -> 8.6956522 | I7: ='Kasus 2025'!J8 -> 31 | J7: ='Kasus 2025'!Q8 -> 3 | K7: =IFERROR(J7/I7*100,0) -> 9.6774194
A8: 3 | B8: GODEAN I | C8: ='Kasus 2023'!J9 -> 4 | D8: ='Kasus 2023'!Q9 -> 2 | E8: =IFERROR(D8/C8*100,0) -> 50 | F8: ='Kasus 2024'!J9 -> 10 | G8: ='Kasus 2024'!Q9 -> 1 | H8: =IFERROR(G8/F8*100,0) -> 10 | I8: ='Kasus 2025'!J9 -> 26 | J8: ='Kasus 2025'!Q9 -> 1 | K8: =IFERROR(J8/I8*100,0) -> 3.8461538
A9: 4 | B9: GODEAN 2 | C9: ='Kasus 2023'!J10 -> 13 | D9: ='Kasus 2023'!Q10 -> 0 | E9: =IFERROR(D9/C9*100,0) -> 0 | F9: ='Kasus 2024'!J10 -> 22 | G9: ='Kasus 2024'!Q10 -> 0 | H9: =IFERROR(G9/F9*100,0) -> 0 | I9: ='Kasus 2025'!J10 -> 22 | J9: ='Kasus 2025'!Q10 -> 0 | K9: =IFERROR(J9/I9*100,0) -> 0
A10: 5 | B10: MOYUDAN | C10: ='Kasus 2023'!J11 -> 8 | D10: ='Kasus 2023'!Q11 -> 1 | E10: =IFERROR(D10/C10*100,0) -> 12.5 | F10: ='Kasus 2024'!J11 -> 13 | G10: ='Kasus 2024'!Q11 -> 1 | H10: =IFERROR(G10/F10*100,0) -> 7.6923077 | I10: ='Kasus 2025'!J11 -> 13 | J10: ='Kasus 2025'!Q11 -> 2 | K10: =IFERROR(J10/I10*100,0) -> 15.384615
A11: 6 | B11: MINGGIR | C11: ='Kasus 2023'!J12 -> 9 | D11: ='Kasus 2023'!Q12 -> 3 | E11: =IFERROR(D11/C11*100,0) -> 33.333333 | F11: ='Kasus 2024'!J12 -> 12 | G11: ='Kasus 2024'!Q12 -> 1 | H11: =IFERROR(G11/F11*100,0) -> 8.3333333 | I11: ='Kasus 2025'!J12 -> 9 | J11: ='Kasus 2025'!Q12 -> 1 | K11: =IFERROR(J11/I11*100,0) -> 11.111111
A12: 7 | B12: SEYEGAN | C12: ='Kasus 2023'!J13 -> 13 | D12: ='Kasus 2023'!Q13 -> 1 | E12: =IFERROR(D12/C12*100,0) -> 7.6923077 | F12: ='Kasus 2024'!J13 -> 6 | G12: ='Kasus 2024'!Q13 -> 1 | H12: =IFERROR(G12/F12*100,0) -> 16.666667 | I12: ='Kasus 2025'!J13 -> 11 | J12: ='Kasus 2025'!Q13 -> 0 | K12: =IFERROR(J12/I12*100,0) -> 0
A13: 8 | B13: MLATI I | C13: ='Kasus 2023'!J14 -> 35 | D13: ='Kasus 2023'!Q14 -> 4 | E13: =IFERROR(D13/C13*100,0) -> 11.428571 | F13: ='Kasus 2024'!J14 -> 40 | G13: ='Kasus 2024'!Q14 -> 4 | H13: =IFERROR(G13/F13*100,0) -> 10 | I13: ='Kasus 2025'!J14 -> 28 | J13: ='Kasus 2025'!Q14 -> 1 | K13: =IFERROR(J13/I13*100,0) -> 3.5714286
A14: 9 | B14: MLATI 2 | C14: ='Kasus 2023'!J15 -> 6 | D14: ='Kasus 2023'!Q15 -> 1 | E14: =IFERROR(D14/C14*100,0) -> 16.666667 | F14: ='Kasus 2024'!J15 -> 17 | G14: ='Kasus 2024'!Q15 -> 1 | H14: =IFERROR(G14/F14*100,0) -> 5.8823529 | I14: ='Kasus 2025'!J15 -> 11 | J14: ='Kasus 2025'!Q15 -> 0 | K14: =IFERROR(J14/I14*100,0) -> 0
A15: 10 | B15: DEPOK I | C15: ='Kasus 2023'!J16 -> 11 | D15: ='Kasus 2023'!Q16 -> 0 | E15: =IFERROR(D15/C15*100,0) -> 0 | F15: ='Kasus 2024'!J16 -> 18 | G15: ='Kasus 2024'!Q16 -> 3 | H15: =IFERROR(G15/F15*100,0) -> 16.666667 | I15: ='Kasus 2025'!J16 -> 15 | J15: ='Kasus 2025'!Q16 -> 3 | K15: =IFERROR(J15/I15*100,0) -> 20
A16: 11 | B16: DEPOK 2 | C16: ='Kasus 2023'!J17 -> 17 | D16: ='Kasus 2023'!Q17 -> 5 | E16: =IFERROR(D16/C16*100,0) -> 29.411765 | F16: ='Kasus 2024'!J17 -> 17 | G16: ='Kasus 2024'!Q17 -> 0 | H16: =IFERROR(G16/F16*100,0) -> 0 | I16: ='Kasus 2025'!J17 -> 19 | J16: ='Kasus 2025'!Q17 -> 3 | K16: =IFERROR(J16/I16*100,0) -> 15.789474
A17: 12 | B17: DEPOK 3 | C17: ='Kasus 2023'!J18 -> 19 | D17: ='Kasus 2023'!Q18 -> 5 | E17: =IFERROR(D17/C17*100,0) -> 26.315789 | F17: ='Kasus 2024'!J18 -> 15 | G17: ='Kasus 2024'!Q18 -> 0 | H17: =IFERROR(G17/F17*100,0) -> 0 | I17: ='Kasus 2025'!J18 -> 25 | J17: ='Kasus 2025'!Q18 -> 4 | K17: =IFERROR(J17/I17*100,0) -> 16
... A30: 25 | B30: CANGKRINGAN | C30: ='Kasus 2023'!J31 -> 7 | D30: ='Kasus 2023'!Q31 -> 0 | E30: =IFERROR(D30/C30*100,0) -> 0 | F30: ='Kasus 2024'!J31 -> 16 | G30: ='Kasus 2024'!Q31 -> 1 | H30: =IFERROR(G30/F30*100,0) -> 6.25 | I30: ='Kasus 2025'!J31 -> 15 | J30: ='Kasus 2025'!Q31 -> 3 | K30: =IFERROR(J30/I30*100,0) -> 20
A31: TOTAL KABUPATEN | C31: =SUM(C6:C30) -> 412 | D31: =SUM(D6:D30) -> 60 | E31: =IFERROR(D31/C31*100,0) -> 14.563107 | F31: =SUM(F6:F30) -> 418 | G31: =SUM(G6:G30) -> 45 | H31: =IFERROR(G31/F31*100,0) -> 10.76555 | I31: =SUM(I6:I30) -> 490 | J31: =SUM(J6:J30) -> 41 | K31: =IFERROR(J31/I31*100,0) -> 8.3673469

Sheet Kasus 2023
A1: DATA KASUS CAMPAK (MEASLES) KABUPATEN SLEMAN TAHUN 2023
A2: Sumber: Dinas Kesehatan Kabupaten Sleman
A4: NO | B4: KAPANEWON | C4: PUSKESMAS | D4: KASUS SUSPEK | K4: KASUS POSITIF (KONFIRMASI LAB) | R4: POSITIVITY RATE (%)
D5: KELOMPOK UMUR (TAHUN) | J5: TOTAL SUSPEK | K5: KELOMPOK UMUR (TAHUN) | Q5: TOTAL POSITIF
D6: <1 | E6: 1-4 | F6: 5-9 | G6: 10-14 | H6: 15-19 | I6: ≥20 | K6: <1 | L6: 1-4 | M6: 5-9 | N6: 10-14 | O6: 15-19 | P6: ≥20
A7: 1 | B7: GAMPING | C7: GAMPING I | D7: 3 | E7: 4 | F7: 0 | G7: 1 | H7: 1 | I7: 4 | J7: =SUM(D7:I7) -> 13 | K7: 1 | L7: 0 | M7: 0 | N7: 0 | O7: 0 | P7: 0 | Q7: =SUM(K7:P7) -> 1 | R7: =IFERROR(Q7/J7*100,0) -> 7.6923077
A8: 2 | B8: GAMPING | C8: GAMPING 2 | D8: 5 | E8: 3 | F8: 2 | G8: 2 | H8: 0 | I8: 5 | J8: =SUM(D8:I8) -> 17 | K8: 2 | L8: 0 | M8: 0 | N8: 0 | O8: 0 | P8: 1 | Q8: =SUM(K8:P8) -> 3 | R8: =IFERROR(Q8/J8*100,0) -> 17.647059
A9: 3 | B9: GODEAN | C9: GODEAN I | D9: 0 | E9: 1 | F9: 0 | G9: 0 | H9: 0 | I9: 3 | J9: =SUM(D9:I9) -> 4 | K9: 0 | L9: 0 | M9: 0 | N9: 0 | O9: 0 | P9: 2 | Q9: =SUM(K9:P9) -> 2 | R9: =IFERROR(Q9/J9*100,0) -> 50
A10: 4 | B10: GODEAN | C10: GODEAN 2 | D10: 3 | E10: 3 | F10: 2 | G10: 0 | H10: 0 | I10: 5 | J10: =SUM(D10:I10) -> 13 | K10: 0 | L10: 0 | M10: 0 | N10: 0 | O10: 0 | P10: 0 | Q10: =SUM(K10:P10) -> 0 | R10: =IFERROR(Q10/J10*100,0) -> 0
A11: 5 | B11: MOYUDAN | C11: MOYUDAN | D11: 1 | E11: 3 | F11: 0 | G11: 1 | H11: 1 | I11: 2 | J11: =SUM(D11:I11) -> 8 | K11: 0 | L11: 1 | M11: 0 | N11: 0 | O11: 0 | P11: 0 | Q11: =SUM(K11:P11) -> 1 | R11: =IFERROR(Q11/J11*100,0) -> 12.5
A12: 6 | B12: MINGGIR | C12: MINGGIR | D12: 1 | E12: 3 | F12: 1 | G12: 1 | H12: 1 | I12: 2 | J12: =SUM(D12:I12) -> 9 | K12: 1 | L12: 1 | M12: 0 | N12: 0 | O12: 0 | P12: 1 | Q12: =SUM(K12:P12) -> 3 | R12: =IFERROR(Q12/J12*100,0) -> 33.333333
A13: 7 | B13: SEYEGAN | C13: SEYEGAN | D13: 2 | E13: 7 | F13: 1 | G13: 0 | H13: 0 | I13: 3 | J13: =SUM(D13:I13) -> 13 | K13: 0 | L13: 0 | M13: 0 | N13: 0 | O13: 0 | P13: 1 | Q13: =SUM(K13:P13) -> 1 | R13: =IFERROR(Q13/J13*100,0) -> 7.6923077
A14: 8 | B14: MLATI | C14: MLATI I | D14: 4 | E14: 7 | F14: 14 | G14: 2 | H14: 0 | I14: 8 | J14: =SUM(D14:I14) -> 35 | K14: 0 | L14: 1 | M14: 0 | N14: 1 | O14: 0 | P14: 2 | Q14: =SUM(K14:P14) -> 4 | R14: =IFERROR(Q14/J14*100,0) -> 11.428571
A15: 9 | B15: MLATI | C15: MLATI 2 | D15: 1 | E15: 1 | F15: 3 | G15: 1 | H15: 0 | I15: 0 | J15: =SUM(D15:I15) -> 6 | K15: 0 | L15: 1 | M15: 0 | N15: 0 | O15: 0 | P15: 0 | Q15: =SUM(K15:P15) -> 1 | R15: =IFERROR(Q15/J15*100,0) -> 16.666667
A16: 10 | B16: DEPOK | C16: DEPOK I | D16: 1 | E16: 4 | F16: 0 | G16: 1 | H16: 0 | I16: 5 | J16: =SUM(D16:I16) -> 11 | K16: 0 | L16: 0 | M16: 0 | N16: 0 | O16: 0 | P16: 0 | Q16: =SUM(K16:P16) -> 0 | R16: =IFERROR(Q16/J16*100,0) -> 0
A17: 11 | B17: DEPOK | C17: DEPOK 2 | D17: 1 | E17: 3 | F17: 4 | G17: 0 | H17: 1 | I17: 8 | J17: =SUM(D17:I17) -> 17 | K17: 0 | L17: 0 | M17: 1 | N17: 0 | O17: 0 | P17: 4 | Q17: =SUM(K17:P17) -> 5 | R17: =IFERROR(Q17/J17*100,0) -> 29.411765
A18: 12 | B18: DEPOK | C18: DEPOK 3 | D18: 2 | E18: 5 | F18: 5 | G18: 2 | H18: 1 | I18: 4 | J18: =SUM(D18:I18) -> 19 | K18: 0 | L18: 2 | M18: 0 | N18: 2 | O18: 0 | P18: 1 | Q18: =SUM(K18:P18) -> 5 | R18: =IFERROR(Q18/J18*100,0) -> 26.315789
... A31: 25 | B31: CANGKRINGAN | C31: CANGKRINGAN | D31: 1 | E31: 1 | F31: 4 | G31: 0 | H31: 0 | I31: 1 | J31: =SUM(D31:I31) -> 7 | K31: 0 | L31: 0 | M31: 0 | N31: 0 | O31: 0 | P31: 0 | Q31: =SUM(K31:P31) -> 0 | R31: =IFERROR(Q31/J31*100,0) -> 0
A32: TOTAL KABUPATEN | D32: =SUM(D7:D31) -> 73 | E32: =SUM(E7:E31) -> 100 | F32: =SUM(F7:F31) -> 93 | G32: =SUM(G7:G31) -> 35 | H32: =SUM(H7:H31) -> 21 | I32: =SUM(I7:I31) -> 90 | J32: =SUM(J7:J31) -> 412 | K32: =SUM(K7:K31) -> 8 | ... P32: =SUM(P7:P31) -> 17 | Q32: =IFERROR(Q32/J32*100,0) -> 0
A34: Keterangan:
A35: * Kasus Suspek: demam ≥38°C + ruam makulopapular + batuk/pilek/konjungtivitis
A36: * Kasus Positif: suspek yang dikonfirmasi melalui pemeriksaan laboratorium (IgM+)
A37: * Positivity Rate = (Total Positif / Total Suspek) × 100%
A38: * Kelompok umur mengikuti standar klasifikasi Kemenkes RI

Sheet Kasus 2024
A1: DATA KASUS CAMPAK (MEASLES) KABUPATEN SLEMAN TAHUN 2024
A2: Sumber: Dinas Kesehatan Kabupaten Sleman
A4: NO | B4: KAPANEWON | C4: PUSKESMAS | D4: KASUS SUSPEK | K4: KASUS POSITIF (KONFIRMASI LAB) | R4: POSITIVITY RATE (%)
D5: KELOMPOK UMUR (TAHUN) | J5: TOTAL SUSPEK | K5: KELOMPOK UMUR (TAHUN) | Q5: TOTAL POSITIF
D6: <1 | E6: 1-4 | F6: 5-9 | G6: 10-14 | H6: 15-19 | I6: ≥20 | K6: <1 | L6: 1-4 | M6: 5-9 | N6: 10-14 | O6: 15-19 | P6: ≥20
A7: 1 | B7: GAMPING | C7: GAMPING I | D7: 8 | E7: 6 | F7: 4 | G7: 2 | H7: 2 | I7: 0 | J7: =SUM(D7:I7) -> 22 | K7: 1 | L7: 0 | M7: 0 | N7: 0 | O7: 1 | P7: 0 | Q7: =SUM(K7:P7) -> 2 | R7: =IFERROR(Q7/J7*100,0) -> 9.0909091
A8: 2 | B8: GAMPING | C8: GAMPING 2 | D8: 6 | E8: 6 | F8: 6 | G8: 1 | H8: 1 | I8: 3 | J8: =SUM(D8:I8) -> 23 | K8: 1 | L8: 1 | M8: 0 | N8: 0 | O8: 0 | P8: 0 | Q8: =SUM(K8:P8) -> 2 | R8: =IFERROR(Q8/J8*100,0) -> 8.6956522
A9: 3 | B9: GODEAN | C9: GODEAN I | D9: 1 | E9: 5 | F9: 2 | G9: 1 | H9: 0 | I9: 1 | J9: =SUM(D9:I9) -> 10 | K9: 1 | L9: 0 | M9: 0 | N9: 0 | O9: 0 | P9: 0 | Q9: =SUM(K9:P9) -> 1 | R9: =IFERROR(Q9/J9*100,0) -> 10
A10: 4 | B10: GODEAN | C10: GODEAN 2 | D10: 4 | E10: 7 | F10: 4 | G10: 3 | H10: 2 | I10: 2 | J10: =SUM(D10:I10) -> 22 | K10: 0 | L10: 0 | M10: 0 | N10: 0 | O10: 0 | P10: 0 | Q10: =SUM(K10:P10) -> 0 | R10: =IFERROR(Q10/J10*100,0) -> 0
A11: 5 | B11: MOYUDAN | C11: MOYUDAN | D11: 1 | E11: 3 | F11: 2 | G11: 3 | H11: 0 | I11: 4 | J11: =SUM(D11:I11) -> 13 | K11: 0 | L11: 1 | M11: 0 | N11: 0 | O11: 0 | P11: 0 | Q11: =SUM(K11:P11) -> 1 | R11: =IFERROR(Q11/J11*100,0) -> 7.6923077
A12: 6 | B12: MINGGIR | C12: MINGGIR | D12: 2 | E12: 5 | F12: 2 | G12: 1 | H12: 0 | I12: 2 | J12: =SUM(D12:I12) -> 12 | K12: 0 | L12: 0 | M12: 0 | N12: 0 | O12: 0 | P12: 1 | Q12: =SUM(K12:P12) -> 1 | R12: =IFERROR(Q12/J12*100,0) -> 8.3333333
A13: 7 | B13: SEYEGAN | C13: SEYEGAN | D13: 3 | E13: 0 | F13: 3 | G13: 0 | H13: 0 | I13: 0 | J13: =SUM(D13:I13) -> 6 | K13: 1 | L13: 0 | M13: 0 | N13: 0 | O13: 0 | P13: 0 | Q13: =SUM(K13:P13) -> 1 | R13: =IFERROR(Q13/J13*100,0) -> 16.666667
A14: 8 | B14: MLATI | C14: MLATI I | D14: 6 | E14: 10 | F14: 7 | G14: 4 | H14: 3 | I14: 10 | J14: =SUM(D14:I14) -> 40 | K14: 1 | L14: 1 | M14: 1 | N14: 0 | O14: 0 | P14: 1 | Q14: =SUM(K14:P14) -> 4 | R14: =IFERROR(Q14/J14*100,0) -> 10
A15: 9 | B15: MLATI | C15: MLATI 2 | D15: 0 | E15: 5 | F15: 4 | G15: 1 | H15: 2 | I15: 5 | J15: =SUM(D15:I15) -> 17 | K15: 0 | L15: 0 | M15: 1 | N15: 0 | O15: 0 | P15: 0 | Q15: =SUM(K15:P15) -> 1 | R15: =IFERROR(Q15/J15*100,0) -> 5.8823529
A16: 10 | B16: DEPOK | C16: DEPOK I | D16: 4 | E16: 5 | F16: 3 | G16: 0 | H16: 2 | I16: 4 | J16: =SUM(D16:I16) -> 18 | K16: 0 | L16: 2 | M16: 0 | N16: 0 | O16: 1 | P16: 0 | Q16: =SUM(K16:P16) -> 3 | R16: =IFERROR(Q16/J16*100,0) -> 16.666667
A17: 11 | B17: DEPOK | C17: DEPOK 2 | D17: 0 | E17: 5 | F17: 4 | G17: 1 | H17: 2 | I17: 5 | J17: =SUM(D17:I17) -> 17 | K17: 0 | L17: 0 | M17: 0 | N17: 0 | O17: 0 | P17: 0 | Q17: =SUM(K17:P17) -> 0 | R17: =IFERROR(Q17/J17*100,0) -> 0
A18: 12 | B18: DEPOK | C18: DEPOK 3 | D18: 1 | E18: 2 | F18: 2 | G18: 1 | H18: 1 | I18: 8 | J18: =SUM(D18:I18) -> 15 | K18: 0 | L18: 0 | M18: 0 | N18: 0 | O18: 0 | P18: 0 | Q18: =SUM(K18:P18) -> 0 | R18: =IFERROR(Q18/J18*100,0) -> 0
... A31: 25 | B31: CANGKRINGAN | C31: CANGKRINGAN | D31: 0 | E31: 3 | F31: 3 | G31: 2 | H31: 1 | I31: 7 | J31: =SUM(D31:I31) -> 16 | K31: 0 | L31: 0 | M31: 1 | N31: 0 | O31: 0 | P31: 0 | Q31: =SUM(K31:P31) -> 1 | R31: =IFERROR(Q31/J31*100,0) -> 6.25
A32: TOTAL KABUPATEN | D32: =SUM(D7:D31) -> 62 | E32: =SUM(E7:E31) -> 115 | F32: =SUM(F7:F31) -> 82 | G32: =SUM(G7:G31) -> 40 | H32: =SUM(H7:H31) -> 27 | I32: =SUM(I7:I31) -> 92 | J32: =SUM(J7:J31) -> 418 | K32: =SUM(K7:K31) -> 9 | ... P32: =SUM(P7:P31) -> 6 | Q32: =IFERROR(Q32/J32*100,0) -> 0
A35: * Kasus Suspek: demam ≥38°C + ruam makulopapular + batuk/pilek/konjungtivitis
A36: * Kasus Positif: suspek yang dikonfirmasi melalui pemeriksaan laboratorium (IgM+)
A37: * Positivity Rate = (Total Positif / Total Suspek) × 100%
A38: * Kelompok umur mengikuti standar klasifikasi Kemenkes RI

Sheet Kasus 2025
A1: DATA KASUS CAMPAK (MEASLES) KABUPATEN SLEMAN TAHUN 2025
A2: Sumber: Dinas Kesehatan Kabupaten Sleman
A4: NO | B4: KAPANEWON | C4: PUSKESMAS | D4: KASUS SUSPEK | K4: KASUS POSITIF (KONFIRMASI LAB) | R4: POSITIVITY RATE (%)
D5: KELOMPOK UMUR (TAHUN) | J5: TOTAL SUSPEK | K5: KELOMPOK UMUR (TAHUN) | Q5: TOTAL POSITIF
D6: <1 | E6: 1-4 | F6: 5-9 | G6: 10-14 | H6: 15-19 | I6: ≥20 | K6: <1 | L6: 1-4 | M6: 5-9 | N6: 10-14 | O6: 15-19 | P6: ≥20
A7: 1 | B7: GAMPING | C7: GAMPING I | D7: 4 | E7: 4 | F7: 2 | G7: 1 | H7: 0 | I7: 1 | J7: =SUM(D7:I7) -> 12 | K7: 0 | L7: 0 | M7: 0 | N7: 0 | O7: 0 | P7: 0 | Q7: =SUM(K7:P7) -> 0 | R7: =IFERROR(Q7/J7*100,0) -> 0
A8: 2 | B8: GAMPING | C8: GAMPING 2 | D8: 8 | E8: 7 | F8: 7 | G8: 3 | H8: 2 | I8: 4 | J8: =SUM(D8:I8) -> 31 | K8: 2 | L8: 1 | M8: 0 | N8: 0 | O8: 0 | P8: 0 | Q8: =SUM(K8:P8) -> 3 | R8: =IFERROR(Q8/J8*100,0) -> 9.6774194
A9: 3 | B9: GODEAN | C9: GODEAN I | D9: 3 | E9: 8 | F9: 6 | G9: 2 | H9: 3 | I9: 4 | J9: =SUM(D9:I9) -> 26 | K9: 0 | L9: 1 | M9: 0 | N9: 0 | O9: 0 | P9: 0 | Q9: =SUM(K9:P9) -> 1 | R9: =IFERROR(Q9/J9*100,0) -> 3.8461538
A10: 4 | B10: GODEAN | C10: GODEAN 2 | D10: 4 | E10: 9 | F10: 5 | G10: 1 | H10: 0 | I10: 3 | J10: =SUM(D10:I10) -> 22 | K10: 0 | L10: 0 | M10: 0 | N10: 0 | O10: 0 | P10: 0 | Q10: =SUM(K10:P10) -> 0 | R10: =IFERROR(Q10/J10*100,0) -> 0
A11: 5 | B11: MOYUDAN | C11: MOYUDAN | D11: 3 | E11: 4 | F11: 2 | G11: 1 | H11: 0 | I11: 3 | J11: =SUM(D11:I11) -> 13 | K11: 2 | L11: 0 | M11: 0 | N11: 0 | O11: 0 | P11: 0 | Q11: =SUM(K11:P11) -> 2 | R11: =IFERROR(Q11/J11*100,0) -> 15.384615
A12: 6 | B12: MINGGIR | C12: MINGGIR | D12: 1 | E12: 2 | F12: 1 | G12: 3 | H12: 0 | I12: 2 | J12: =SUM(D12:I12) -> 9 | K12: 0 | L12: 0 | M12: 0 | N12: 1 | O12: 0 | P12: 0 | Q12: =SUM(K12:P12) -> 1 | R12: =IFERROR(Q12/J12*100,0) -> 11.111111
A13: 7 | B13: SEYEGAN | C13: SEYEGAN | D13: 2 | E13: 2 | F13: 2 | G13: 4 | H13: 0 | I13: 1 | J13: =SUM(D13:I13) -> 11 | K13: 0 | L13: 0 | M13: 0 | N13: 0 | O13: 0 | P13: 0 | Q13: =SUM(K13:P13) -> 0 | R13: =IFERROR(Q13/J13*100,0) -> 0
A14: 8 | B14: MLATI | C14: MLATI I | D14: 6 | E14: 5 | F14: 4 | G14: 2 | H14: 2 | I14: 9 | J14: =SUM(D14:I14) -> 28 | K14: 0 | L14: 0 | M14: 0 | N14: 1 | O14: 0 | P14: 0 | Q14: =SUM(K14:P14) -> 1 | R14: =IFERROR(Q14/J14*100,0) -> 3.5714286
A15: 9 | B15: MLATI | C15: MLATI 2 | D15: 3 | E15: 1 | F15: 2 | G15: 4 | H15: 0 | I15: 1 | J15: =SUM(D15:I15) -> 11 | K15: 0 | L15: 0 | M15: 0 | N15: 0 | O15: 0 | P15: 0 | Q15: =SUM(K15:P15) -> 0 | R15: =IFERROR(Q15/J15*100,0) -> 0
A16: 10 | B16: DEPOK | C16: DEPOK I | D16: 4 | E16: 5 | F16: 1 | G16: 3 | H16: 0 | I16: 2 | J16: =SUM(D16:I16) -> 15 | K16: 0 | L16: 1 | M16: 0 | N16: 0 | O16: 0 | P16: 2 | Q16: =SUM(K16:P16) -> 3 | R16: =IFERROR(Q16/J16*100,0) -> 20
A17: 11 | B17: DEPOK | C17: DEPOK 2 | D17: 4 | E17: 8 | F17: 3 | G17: 1 | H17: 0 | I17: 3 | J17: =SUM(D17:I17) -> 19 | K17: 2 | L17: 0 | M17: 1 | N17: 0 | O17: 0 | P17: 0 | Q17: =SUM(K17:P17) -> 3 | R17: =IFERROR(Q17/J17*100,0) -> 15.789474
A18: 12 | B18: DEPOK | C18: DEPOK 3 | D18: 1 | E18: 2 | F18: 6 | G18: 4 | H18: 1 | I18: 11 | J18: =SUM(D18:I18) -> 25 | K18: 2 | L18: 0 | M18: 1 | N18: 0 | O18: 0 | P18: 1 | Q18: =SUM(K18:P18) -> 4 | R18: =IFERROR(Q18/J18*100,0) -> 16
... A31: 25 | B31: CANGKRINGAN | C31: CANGKRINGAN | D31: 2 | E31: 4 | F31: 6 | G31: 2 | H31: 0 | I31: 1 | J31: =SUM(D31:I31) -> 15 | K31: 0 | L31: 1 | M31: 2 | N31: 0 | O31: 0 | P31: 0 | Q31: =SUM(K31:P31) -> 3 | R31: =IFERROR(Q31/J31*100,0) -> 20
A32: TOTAL KABUPATEN | D32: =SUM(D7:D31) -> 86 | E32: =SUM(E7:E31) -> 115 | F32: =SUM(F7:F31) -> 102 | G32: =SUM(G7:G31) -> 57 | H32: =SUM(H7:H31) -> 26 | I32: =SUM(I7:I31) -> 104 | J32: =SUM(J7:J31) -> 490 | K32: =SUM(K7:K31) -> 10 | ... P32: =SUM(P7:P31) -> 6 | Q32: =IFERROR(Q32/J32*100,0) -> 0
A34: Keterangan:
A35: * Kasus Suspek: demam ≥38°C + ruam makulopapular + batuk/pilek/konjungtivitis
A36: * Kasus Positif: suspek yang dikonfirmasi melalui pemeriksaan laboratorium (IgM+)
A37: * Positivity Rate = (Total Positif / Total Suspek) × 100%
A38: * Kelompok umur mengikuti standar klasifikasi Kemenkes RI
